candidate,fec_id,office
Alex Padilla,S2CA00955,U.S. Senate
Amy Klobuchar,S6MN00267,U.S. Senate
Angus King,S2ME00109,U.S. Senate
Ben Cardin,S6MD03177,U.S. Senate
Bernie Sanders,S4VT00033,U.S. Senate
Bob Casey,S6PA00217,U.S. Senate
Bob Menendez,S6NJ00289,U.S. Senate
Brian Schatz,S4HI00136,U.S. Senate
Catherine Cortez Masto,S6NV00200,U.S. Senate
Chris Murphy,S2CT00132,U.S. Senate
Chris Van Hollen,S6MD03441,U.S. Senate
Chuck Grassley,S0IA00028,U.S. Senate
Chuck Schumer,S8NY00082,U.S. Senate
Deb Fischer,S2NE00094,U.S. Senate
Debbie Stabenow,S8MI00281,U.S. Senate
Dianne Feinstein,S0CA00199,U.S. Senate
Elizabeth Warren,S2MA00170,U.S. Senate
Jacky Rosen,S8NV00156,U.S. Senate
James Lankford,S4OK00232,U.S. Senate
Jerry Moran,S0KS00091,U.S. Senate
Joe Manchin,S0WV00090,U.S. Senate
John Barraso,S6WY00068,U.S. Senate
John Boozman,S0AR00150,U.S. Senate
John Hoeven,S0ND00093,U.S. Senate
John Kennedy,S4LA00065,U.S. Senate
John Thune,S2SD00068,U.S. Senate
Jon Tester,S6MT00162,U.S. Senate
Josh Hawley,S8MO00160,U.S. Senate
Kevin Cramer,S8ND00120,U.S. Senate
Kirsten Gillibrand,S0NY00410,U.S. Senate
Kyrsten Sinema,S8AZ00197,U.S. Senate
Lisa Murkowski,S4AK00099,U.S. Senate
Maggie Hassan,S6NH00091,U.S. Senate
Marco Rubio,S0FL00338,U.S. Senate
Maria Cantwell,S8WA00194,U.S. Senate
Marsha Blackburn,S8TN00337,U.S. Senate
Martin Heinrich,S2NM00088,U.S. Senate
Mazie Hirono,S2HI00106,U.S. Senate
Michael Bennet,S0CO00211,U.S. Senate
Mike Braun,S8IN00171,U.S. Senate
Mike Crapo,S8ID00027,U.S. Senate
Mike Lee,S0UT00165,U.S. Senate
Mitt Romney,S8UT00176,U.S. Senate
Pat Toomey,S4PA00121,U.S. Senate
Patrick Leahy,S4VT00017,U.S. Senate
Patty Murray,S2WA00189,U.S. Senate
Rand Paul,S0KY00156,U.S. Senate
Richard Blumenthal,S0CT00177,U.S. Senate
Richard Burr,S4NC00089,U.S. Senate
Richard Shelby,S6AL00013,U.S. Senate
Rick Scott,S8FL00273,U.S. Senate
Rob Portman,S0OH00133,U.S. Senate
Roger Wicker,S8MS00196,U.S. Senate
Ron Johnson,S0WI00197,U.S. Senate
Ron Wyden,S6OR00110,U.S. Senate
Roy Blunt,S0MO00183,U.S. Senate
Sheldon Whitehouse,S6RI00221,U.S. Senate
Sherrod Brown,S6OH00163,U.S. Senate
Tammy Baldwin,S2WI00219,U.S. Senate
Tammy Duckworth,S6IL00292,U.S. Senate
Ted Cruz,S2TX00312,U.S. Senate
Tim Kaine,S2VA00142,U.S. Senate
Tim Scott,S4SC00240,U.S. Senate
Todd Young,S6IN00191,U.S. Senate
Tom Carper,S8DE00079,U.S. Senate
Aaron Amede,H0ME01127,U.S. House
Aaron Godfrey,H8OH16090,U.S. House
Aaron James Luciani,H0VA06051,U.S. House
Aaron Sigler,S0LA00394,U.S. Senate
Aaron Swisher,H8ID02148,U.S. House
Abby Broyles,S0OK00370,U.S. Senate
Abby Finkenauer,H8IA01094,U.S. House
Abigail Spanberger,H8VA07094,U.S. House
Ada Norah Henriquez,H0PR01059,U.S. House
Adair Boroughs,H0SC02061,U.S. House
Adam Christensen,H0FL03183,U.S. House
Adam Jonasz,H0TX20108,U.S. House
Adam Kinzinger,H0IL11052,U.S. House
Adam Martinez-Gomez,H0TX20199,U.S. House
Adam Schiff,H0CA27085,U.S. House
Adam Smith,H6WA09025,U.S. House
Adam Weeks,H0MN02167,U.S. House
Adia Winfrey,H8AL03062,U.S. House
Adrian Perkins,S0LA00386,U.S. Senate
Adrian Smith,H6NE03115,U.S. House
Adriano Espaillat,H2NY13096,U.S. House
Adrienne Bell,H8TX14120,U.S. House
Adrienne Bennett,H0ME02075,U.S. House
Agnes Gibboney,H0CA31129,U.S. House
Aja Smith,H8CA41170,U.S. House
Al Bartell,S0GA00443,U.S. Senate
Al Green,H4TX09095,U.S. House
Al Gross,S0AK00196,U.S. Senate
Al Lawson,H0FL02086,U.S. House
Al Lemmo,H0MI13463,U.S. House
Alaina Shearer,H0OH12179,U.S. House
Alan Cohn,H4FL15155,U.S. House
Alan Khazei,H0MA04176,U.S. House
Alan Lowenthal,H2CA00104,U.S. House
Alan Swain,H0NC02158,U.S. House
Alan White,S0AZ00426,U.S. Senate
Albio Sires,H6NJ13191,U.S. House
Alcee L Hastings,H2FL23021,U.S. House
Alek Skarlatos,H0OR04107,U.S. House
Alex Furman,H0MO01215,U.S. House
Alex Johnson,H0CO02209,U.S. House
Alex Mooney,H4WV02080,U.S. House
Alex Morse,H0MA01081,U.S. House
Alex Pereszlenyi,H0NV03157,U.S. House
Alex Spenser,H0OR02267,U.S. House
Alexandra Owensby,H0KY04117,U.S. House
Alexandria Ocasio-Cortez,H8NY15148,U.S. House
Alexis Johnson,H0NM03201,U.S. House
Aliscia Andrews,H0VA10186,U.S. House
Alison Hayden,H0CA15247,U.S. House
Alissa Baldwin,S0VA00070,U.S. Senate
Allen Buckley,S4GA11103,U.S. Senate
Allen Ellison,H0FL17159,U.S. House
Allen Waters,S0RI00067,U.S. Senate
Alma Adams,H4NC12100,U.S. House
Alyse Galvin,H8AK00140,U.S. House
Alyssa Dara McDowell,S0KY00446,U.S. Senate
Amanda Adkins,H0KS03236,U.S. House
Amanda Slepr,H0MI04132,U.S. House
Amanda Stuck,H0WI08125,U.S. House
Amata Coleman Radewagen,H4AS00036,U.S. House
Amber Ivey,H0MD07387,U.S. House
Ami Bera,H0CA03078,U.S. House
Amit Lal,H0NY05088,U.S. House
Ammar Campa-Najjar,H8CA50098,U.S. House
Amy Kennedy,H0NJ02171,U.S. House
Amy McGrath,S0KY00339,U.S. Senate
Amy Ryan Courser,H0OR05104,U.S. House
Analilia Joya,H4CA44157,U.S. House
Andre Carson,H8IN07184,U.S. House
Andre Gray,S0MA00190,U.S. Senate
Andrew Clyde,H0GA09246,U.S. House
Andrew Garbarino,H0NY02234,U.S. House
Andrew Gregg Warner,H0IN07298,U.S. House
Andrew J. Tidwell,H0MI06160,U.S. House
Andrew Knaggs,H0VA07125,U.S. House
Andrew Kolstee,H0NY23131,U.S. House
Andrew Straw,H0VA08164,U.S. House
Andy Barr,H0KY06104,U.S. House
Andy Biggs,H6AZ05083,U.S. House
Andy Caldwell,H0CA24157,U.S. House
Andy Harris,H8MD01094,U.S. House
Andy Kim,H8NJ03206,U.S. House
Andy Levin,H8MI09118,U.S. House
Andy Martin,S4NH00096,U.S. Senate
Andy Ruff,H0IN09179,U.S. House
Angela Stanton-King,H0GA05277,U.S. House
Angelica Duenas,H8CA29100,U.S. House
Angie Craig,H6MN02131,U.S. House
Angus McQuilken,H0MA06130,U.S. House
Anibal Acevedo-Vila,H0PR01034,U.S. House
Ann Kirkpatrick,H8AZ01104,U.S. House
Ann Kuster,H0NH02181,U.S. House
Ann L Wagner,H2MO02102,U.S. House
Anna Eshoo,H8CA12098,U.S. House
Anna Paulina Luna,H0FL13158,U.S. House
Anne Kerner,H0DE01074,U.S. House
Anthony Brindisi,H8NY22151,U.S. House
Anthony Brown,H6MD04209,U.S. House
Anthony Cristo,H8TX15069,U.S. House
Anthony Davila,H0FL09099,U.S. House
Anthony Gonzalez,H8OH16124,U.S. House
Anthony Malgieri,H0CO07091,U.S. House
Anthony Rogers,H0MO01207,U.S. House
Antoine Pierce,S0LA00311,U.S. Senate
Antonia Eliason,H0MS01118,U.S. House
Antonio Delgado,H8NY19181,U.S. House
Antwain Winters,H0MO05190,U.S. House
April Nesbit,S0OK00404,U.S. Senate
Arjun Srinivasan,S0TX00373,U.S. Senate
Arkeiska Jefferson,H0TX01116,U.S. House
Ashley Hinson,H0IA01174,U.S. House
Audrey Denney,H8CA01257,U.S. House
Audrey Richards,H0MO07279,U.S. House
August Pfluger,H0TX11230,U.S. House
Austin Scott,H0GA08099,U.S. House
Ayanna Pressley,H8MA07032,U.S. House
Barbara Bollier,S0KS00323,U.S. Senate
Barbara Lee,H8CA09060,U.S. House
Barrington Martin II,H0GA05251,U.S. House
Barry Loudermilk,H4GA11061,U.S. House
Barry Moore,H8AL02171,U.S. House
Barry Rubinson,H0NV04171,U.S. House
Becky Grossman,H0MA04168,U.S. House
Becky Hites,H0GA13131,U.S. House
Ben Cline,H8VA06104,U.S. House
Ben Gibson,H0LA04107,U.S. House
Ben Leder,H8TX05177,U.S. House
Ben McAdams,H8UT04053,U.S. House
Ben Ray Lujan,S0NM00058,U.S. Senate
Ben Sasse,S4NE00090,U.S. Senate
Ben Sigel,H0MA04218,U.S. House
Benjamin Boren,H0MI01245,U.S. House
Benjamin Estes,H0TN07248,U.S. House
Bennie G Thompson,H4MS02068,U.S. House
Bert Oram,H0FL01153,U.S. House
Beryl Billiot,S6LA00441,U.S. Senate
Beth Doglio,H0WA10075,U.S. House
Beth Van Duyne,H0TX24209,U.S. House
Betsy Dirksen Londrigan,H8IL13150,U.S. House
Betty McCollum,H0MN04049,U.S. House
Bill Bledsoe,S6SC04155,U.S. Senate
Bill Brewster,H0NC12124,U.S. House
Bill Cassidy,S4LA00107,U.S. Senate
Bill Foster,H8IL14067,U.S. House
Bill Garlington,H0FL07192,U.S. House
Bill Hagerty,S0TN00169,U.S. Senate
Bill Huizenga,H0MI02094,U.S. House
Bill Johnson,H0OH06189,U.S. House
Bill Keating,H0MA10082,U.S. House
Bill Kelsey,H4TX10184,U.S. House
Bill Marx,H0PA14138,U.S. House
Bill O'Brien,S0NH00318,U.S. Senate
Bill Olson,H0FL09081,U.S. House
Bill Pascrell Jr.,H6NJ08118,U.S. House
Bill Posey,H8FL15107,U.S. House
Bill Rood,H0MN01136,U.S. House
Billy Long,H0MO07113,U.S. House
Billy Prempeh,H0NJ09200,U.S. House
Blaine Luetkemeyer,H8MO09153,U.S. House
Blair Nicole Walsingham,H0TN01092,U.S. House
Blake Moore,H0UT01205,U.S. House
Bob Cohen,H8NY19280,U.S. House
Bob Gibbs,H0OH18077,U.S. House
Bob Good,H0VA05160,U.S. House
Bob Lancia,H0RI02287,U.S. House
Bob Stevenson,H0UT01163,U.S. House
Bob Walsh,S0NM00132,U.S. Senate
Bob White,H0OK04216,U.S. House
Bob Worthen,H0TX04235,U.S. House
Bobby L Rush,H2IL01042,U.S. House
Bobby Lyons,H0TN09103,U.S. House
Bobby Scott,H6VA01117,U.S. House
Bonnie Coleman,H4NJ12149,U.S. House
Brad Barron,S0KY00396,U.S. Senate
Brad Schneider,H2IL10068,U.S. House
Brad Sherman,H6CA24113,U.S. House
Brad Svenson,H8MN02087,U.S. House
Brad Wenstrup,H2OH02085,U.S. House
Bradley Heinz,H0IL10385,U.S. House
Brandon Lape,H0OH07146,U.S. House
Brandon Leleux,H0LA03182,U.S. House
Brandon Martin,H0AZ02190,U.S. House
Brandon Rashad Lewis,H0TX36021,U.S. House
Braylon Harris,H0LA03190,U.S. House
Brenda Lawrence,H2MI14111,U.S. House
Brendan Boyle,H4PA13199,U.S. House
Brett Guthrie,H8KY02031,U.S. House
Brian Babin,H6TX02079,U.S. House
Brian Boeving,H0IL12118,U.S. House
Brian Fitzpatrick,H6PA08277,U.S. House
Brian Flowers,H0MS02082,U.S. House
Brian M Higgins,H4NY27076,U.S. House
Brian Maryott,H8CA49108,U.S. House
Brian Mast,H6FL18097,U.S. House
Brian Slowinski,S0GA00633,U.S. Senate
Brian W. Kelly,H0NY07118,U.S. House
Brianna Wu,H8MA08170,U.S. House
Brody Pierrottie,H0LA05096,U.S. House
Bruce Westerman,H4AR04048,U.S. House
Bryan Berghoef,H0MI02201,U.S. House
Bryan Steil,H8WI01156,U.S. House
Bryant 'Corky' Messner,S0NH00334,U.S. Senate
Brynne Kennedy,H0CA04175,U.S. House
Bryson Gray,H0NC06183,U.S. House
Buddy Carter,H4GA01039,U.S. House
Burgess Owens,H0UT04076,U.S. House
Buzz Patterson,H0CA07137,U.S. House
Byron Donalds,H0FL19205,U.S. House
Byron McCorriston,H0HI02247,U.S. House
Cal Cunningham,S0NC00202,U.S. Senate
Calvin Griffin,H4HI01183,U.S. House
Cameron Webb,H0VA05145,U.S. House
Candace Valenzuela,H0TX24175,U.S. House
Cande Christophe,H0LA05070,U.S. House
Carla Spalding,H0FL23090,U.S. House
Carlos Gimenez,H0FL26036,U.S. House
Carlos Santiago-Cano,H0NY12209,U.S. House
Carmelita Greco,H0MI11145,U.S. House
Carol Iannuzzi,H0TX26121,U.S. House
Carol Miller,H8WV03097,U.S. House
Caroline Colarusso,H0MA05132,U.S. House
Carolyn B Maloney,H2NY14037,U.S. House
Carolyn Bourdeaux,H8GA07201,U.S. House
Carolyn Long,H8WA03198,U.S. House
Carolyn Salter,H0TX05109,U.S. House
Casey Askar,H0FL19221,U.S. House
Casper Stockham,H0CO06101,U.S. House
Cassandra Martineau,H0CT02215,U.S. House
Catherine Kunkel,H0WV02179,U.S. House
Catherine Purcell,H0DE01082,U.S. House
Cathy Bernstein,H0NY10112,U.S. House
Cathy McMorris Rodgers,H4WA05077,U.S. House
Cedric D Jefferson,S0TX00399,U.S. Senate
Cedric Richmond,H8LA02054,U.S. House
Celeste Williams,H0AR03105,U.S. House
Chad Snider,H0TX06115,U.S. House
Chance Davis,H0TX18375,U.S. House
Charles Anthony,H8MD03165,U.S. House
Charles Langworthy,H0MI09180,U.S. House
Charles Winn,H0CO02225,U.S. House
Charleston Malkemus,H0FL21177,U.S. House
Charlie Crist,H6FL13205,U.S. House
Charlotte Bergmann,H8TN09114,U.S. House
Chase Carbajal,H0TX01132,U.S. House
Chase Oliver,H0GA05319,U.S. House
Chele Farley,H0NY18172,U.S. House
Chellie Pingree,H8ME01120,U.S. House
Cheri Bustos,H2IL17071,U.S. House
Chip Coldiron,H0IN03230,U.S. House
Chip Roy,H8TX21307,U.S. House
Chris Brimmer,H0VT00148,U.S. House
Chris Bubser,H0CA08101,U.S. House
Chris Christensen,H0OR01194,U.S. House
Chris Claytor,H2TX27117,U.S. House
Chris Coons,S0DE00092,U.S. Senate
Chris Duncan,H8TX08122,U.S. House
Chris Finley,H8TN06169,U.S. House
Chris Gibbs,H0OH04119,U.S. House
Chris Jacobs,H0NY27090,U.S. House
Chris Janicek,S8NE00216,U.S. Senate
Chris Kelley,H0MN05186,U.S. House
Chris Milton,H0CO03173,U.S. House
Chris Palombi,H0MD05225,U.S. House
Chris Pappas,H8NH01210,U.S. House
Chris Smith,H8NJ04014,U.S. House
Chris Stewart,H2UT02324,U.S. House
Chrissy Houlahan,H8PA06087,U.S. House
Christina Finello,H0PA01325,U.S. House
Christina Hagan,H8OH16108,U.S. House
Christina Hale,H0IN05219,U.S. House
Christine Bish,H0CA06170,U.S. House
Christine Olivo,H0FL23041,U.S. House
Christine Quinn,H6FL14112,U.S. House
Christopher Cumings,S0AK00212,U.S. Senate
Christopher Hale,H8TN04107,U.S. House
Christopher Monday,H8TN06078,U.S. House
Christopher Morris-Perry,H0NY13157,U.S. House
Christopher Schell,H0TX04227,U.S. House
Christopher Ward,H0NC07140,U.S. House
Christopher Zannetos,H0MA04242,U.S. House
Christy Mowrey,H0TX32137,U.S. House
Christy Smith,H0CA25154,U.S. House
Chuck Fleischmann,H0TN03254,U.S. House
Cindy Axne,H8IA03124,U.S. House
Cindy Hyde-Smith,S8MS00261,U.S. Senate
Cindy Lyn Banyai,H0FL19106,U.S. House
Cindy Werner,H0WI04132,U.S. House
Claire Gustafson,H4NJ01118,U.S. House
Clark Paterson,H2TX01070,U.S. House
Claudia Tenney,H4NY22051,U.S. House
Clay Higgins,H6LA03148,U.S. House
Clay Hill,H6FL08197,U.S. House
Clayton Walker,S4SD00114,U.S. Senate
Cliff Bentz,H0OR02127,U.S. House
Clifton Kilby,S0GA00385,U.S. Senate
Clint Curtis,H0FL06103,U.S. House
Colby C. James,H0LA02234,U.S. House
Colin Allred,H8TX32098,U.S. House
Collin Peterson,H2MN07014,U.S. House
Conor Lamb,H8PA18181,U.S. House
Constantine Jean-Pierre,H0NY09122,U.S. House
Corey Bailey,H0WA08137,U.S. House
Cori Bush,H8MO01143,U.S. House
Cory Booker,S4NJ00185,U.S. Senate
Cory Gardner,S4CO00395,U.S. Senate
Craig Cameron,H8IL17045,U.S. House
Craig Keller,H4WA07073,U.S. House
Craig Wildenradt,H0TN05341,U.S. House
Cris Ericson,H8VT00141,U.S. House
Cynthia Lummis,S0WY00137,U.S. Senate
Cynthia Wallace,H0NC09286,U.S. House
Cyrus Sajna,H0TX14234,U.S. House
Dakinya Jefferson,H0TX30107,U.S. House
Dale Crafts,H0ME02083,U.S. House
Dale Mensing,H4CA02098,U.S. House
Damon Cerreta,H0CT04237,U.S. House
Dan Ahlers,S0SD00070,U.S. Senate
Dan Bishop,H0NC09187,U.S. House
Dan Crenshaw,H8TX02166,U.S. House
Dan Kildee,H2MI05119,U.S. House
Dan Meuser,H8PA10147,U.S. House
Dan Newhouse,H4WA04104,U.S. House
Dan Rodimer,H0NV03132,U.S. House
Dan Sullivan,S4AK00214,U.S. Senate
Dana Balter,H8NY24090,U.S. House
Dana Barrett,H0GA11036,U.S. House
Dana Cottrell,H8FL11130,U.S. House
Dana Ferguson,H0MI01211,U.S. House
Dane Eagle,H0FL19122,U.S. House
Dani Brzozowski,H0IL16184,U.S. House
Daniel Burke,S0NJ00266,U.S. Senate
Daniel Clyde Cummings,H0UT03235,U.S. House
Daniel Craig Ross,H0NY03067,U.S. House
Daniel Feehan,H8MN01279,U.S. House
Daniel Gade,S0VA00146,U.S. Senate
Daniel Kemph,H8KY06180,U.S. House
Daniel Vayda,H0PA18105,U.S. House
Daniel Webster,H0FL08208,U.S. House
Daniel Whitfield,S0AR00218,U.S. Senate
Daniel Wood,H0AZ03461,U.S. House
Danielle Vanhelsing,S0ME00079,U.S. Senate
Danny K Davis,H4IL07037,U.S. House
Danny Malouf,S0IL00618,U.S. Senate
Danyell Lanier,H0OK02210,U.S. House
Daren Craig Johnson,H0FL11228,U.S. House
Darin LaHood,H6IL18088,U.S. House
Darrell Issa,H0CA50178,U.S. House
Darrell McGuire,S0GA00518,U.S. Senate
Darren Hamilton,H0TX24274,U.S. House
Darren Parry,H0UT01213,U.S. House
Darren Soto,H6FL09179,U.S. House
Dartanyon Williams,H0LA06052,U.S. House
Daryl Farrow,H0NC03123,U.S. House
Daryle Houston,H0MI14248,U.S. House
Dasha Pruett,H0PA05094,U.S. House
Dave Cavell,H0MA04200,U.S. House
Dave Giles,H6AZ09010,U.S. House
Dave Saulibio,H8WA05227,U.S. House
Dave Wilson,H0WA05133,U.S. House
David Cicilline,H0RI01073,U.S. House
David Dudenhoefer,H0MI13471,U.S. House
David Franks,H0NY15210,U.S. House
David Gokhshtein,H0NY01178,U.S. House
David Kim,H0CA34131,U.S. House
David Krucoff,H0DC01015,U.S. House
David Kustoff,H2TN07103,U.S. House
David McKinley,H0WV01072,U.S. House
David P Joyce,H2OH14064,U.S. House
David Parker,H0NC10193,U.S. House
David Perdue,S4GA11285,U.S. Senate
David Price,H6NC04037,U.S. House
David Richter,H0NJ02155,U.S. House
David Rosa,H0MA09027,U.S. House
David Rouzer,H2NC07096,U.S. House
David Schweikert,H4AZ06045,U.S. House
David Scott,H2GA13012,U.S. House
David Sullivan,H0CT05200,U.S. House
David Torres,H8PA02110,U.S. House
David Trone,H6MD08549,U.S. House
David Valadao,H2CA20094,U.S. House
David Weikle,S0SC00362,U.S. Senate
David Wilson Brown,H8NC10097,U.S. House
David Young,H4IA03115,U.S. House
Dean Hill,S0TN00300,U.S. Senate
Dean Johnson,H0WA10091,U.S. House
Dean Phillips,H8MN03143,U.S. House
Debbie Dingell,H4MI12079,U.S. House
Debbie Lesko,H8AZ08158,U.S. House
Debbie Mucarsel-Powell,H8FL26039,U.S. House
Debbie Wasserman Schultz,H4FL20023,U.S. House
Deborah Jackson,S0GA00591,U.S. Senate
Deborah Ross,H0NC02125,U.S. House
Debra Haaland,H8NM01331,U.S. House
Delina DiSanto,H8AZ04165,U.S. House
Demetrick Pennie,H0TX18276,U.S. House
Demetrius Fugate,H0FL23116,U.S. House
Demondria Jefferson,H0GA05244,U.S. House
Dennis Clark,H0TN09111,U.S. House
Dennis Grace,H0NE01146,U.S. House
Dennis Misigoy,H0FL26044,U.S. House
Derek Kilmer,H2WA06129,U.S. House
Derek Petteys,S0KY00412,U.S. Senate
Derrick Edwards,S6LA00342,U.S. Senate
Derrick Grayson,S0GA00658,U.S. Senate
Derrick Van Orden,H0WI03175,U.S. House
Desiree Tims,H0OH10116,U.S. House
Devin Nunes,H8CA20059,U.S. House
Devin Pandy,H0GA09170,U.S. House
Devin Thorpe,H0UT03193,U.S. House
Diana DeGette,H6CO01141,U.S. House
Diana Harshbarger,H0TN01118,U.S. House
Diane Mitsch Bush,H8CO03192,U.S. House
Dick Durbin,S6IL00151,U.S. Senate
Dina Titus,H8NV03036,U.S. House
Don Bacon,H6NE02125,U.S. House
Don Beyer,H4VA08224,U.S. House
Don Blankenship,P00014209,President
Don Bolduc,S0NH00326,U.S. Senate
Don Cole,H0GA02258,U.S. House
Don Norcross,H4NJ01084,U.S. House
Don Young,H6AK00045,U.S. House
Donald Eason,H0MI13513,U.S. House
Donald M Payne Jr.,H2NJ10154,U.S. House
Donald McEachin,H6VA04061,U.S. House
Donald Robbio,H0RI02246,U.S. House
Donald Trump,P80001571,President
Donna Deegan,H0FL04157,U.S. House
Donna Imam,H0TX31097,U.S. House
Donna Shalala,H8FL27193,U.S. House
Doris Matsui,H6CA05195,U.S. House
Dorothy Benford,H8MS02044,U.S. House
Doug Basler,H4WA09061,U.S. House
Doug Collins,S0GA00567,U.S. Senate
Doug Jones,S0AL00156,U.S. Senate
Doug LaMalfa,H2CA02142,U.S. House
Doug McKinley,H6WA04141,U.S. House
Douglas L Lamborn,H6CO05159,U.S. House
Douglas Tuman,H0NY04156,U.S. House
Drew Ferguson,H6GA03113,U.S. House
Duane Whitmer,H0NY27082,U.S. House
Dustin C. Hobbs,H0NE03258,U.S. House
Dustin Murphy,S0LA00352,U.S. Senate
Dusty Johnson,H8SD01055,U.S. House
Dutch Ruppersberger,H2MD02160,U.S. House
Dwight Evans,H6PA02171,U.S. House
Dylan Conley,H0RI02295,U.S. House
Earl Blumenauer,H6OR03064,U.S. House
Ed Baker,H0OR03133,U.S. House
Ed Bridges,H0NV03066,U.S. House
Ed Case,H2HI02128,U.S. House
Ed Dennehy,H0NY04164,U.S. House
Ed Markey,S4MA00028,U.S. Senate
Ed Perlmutter,H6CO07023,U.S. House
Ed Tarver,S0GA00583,U.S. Senate
Eddie Bernice Johnson,H2TX00015,U.S. House
Edgar Reyes,H0FL09123,U.S. House
Edgardo Silva,H0FL03274,U.S. House
Edward James Mazzuchelli,S0MA00240,U.S. Senate
Edward Lang,H0NY14361,U.S. House
Edward Small Jr,H0TX09226,U.S. House
Edward Strauss,H0IN01275,U.S. House
Elaine Luria,H8VA02111,U.S. House
Eleanor Holmes Norton,H0DC00058,U.S. House
Eli Clemmer,H0NH02272,U.S. House
Elise Stefanik,H4NY21079,U.S. House
Elissa Slotkin,H8MI08102,U.S. House
Elizabeth Hernandez,H0TX08129,U.S. House
Elizabeth Joy,H0NY20111,U.S. House
Elizabeth Kreiselmaier,H0WA06081,U.S. House
Elizabeth McLeod,S0TN00227,U.S. Senate
Ellen Kizik,H0IN05193,U.S. House
Elliott Scheirman,H0TX02114,U.S. House
Emanuel Cleaver,H4MO05234,U.S. House
Eric Early,H0CA28182,U.S. House
Eric Esshaki,H0MI11129,U.S. House
Eric Swalwell,H2CA15094,U.S. House
Erika Stotts Pearson,H6TN08250,U.S. House
Erika Weaver,H0IL15194,U.S. House
Erin Cruz,H0CA36193,U.S. House
Errol Webber,H0CA37167,U.S. House
Ervan Katari Miller,H0MN05145,U.S. House
Eshan Patel,H2NC01214,U.S. House
Esther Joy King,H0IL17083,U.S. House
Eugene DePasquale,H0PA10110,U.S. House
Evan Jones,H0WA04110,U.S. House
Evelyn Rogers,H6OK03165,U.S. House
F. Bruce Riley,S0WV00223,U.S. Senate
Fabian Cordova Vasquez,H0TX33010,U.S. House
Filemon Vela,H2TX27190,U.S. House
Ford Fischer,H0DC00231,U.S. House
Frank D Lucas,H4OK06056,U.S. House
Frank Gilbert,H0AR04095,U.S. House
Frank Harris,H8KY06222,U.S. House
Frank J. Mrvan,H0IN01150,U.S. House
Frank Pallone Jr.,H8NJ03073,U.S. House
Frank Pallotta,H0NJ05174,U.S. House
Frank Polo,H0FL27067,U.S. House
Fred Keller,H9PA12018,U.S. House
Fred Upton,H6MI04113,U.S. House
Frederica Wilson,H0FL17068,U.S. House
Frederick Mayock,S0MA00174,U.S. Senate
Fredrick Erickson,H0WI06202,U.S. House
French Hill,H4AR02141,U.S. House
G K Butterfield,H4NC01046,U.S. House
Garfield Wallace,H0NY08108,U.S. House
Garret Graves,H4LA06153,U.S. House
Gary Adler,H0FL05170,U.S. House
Gary Heyer,H0MN03132,U.S. House
Gary Koniz,H0FL04116,U.S. House
Gary Palmer,H4AL06098,U.S. House
Gary Peters,S4MI00355,U.S. Senate
Gary Popkin,H4NY11096,U.S. House
Gary Swing,S0CO00542,U.S. Senate
Gary Wegman,H6PA16338,U.S. House
Gaylon Kent,S4CO00403,U.S. Senate
Gena Ross,H0MO06222,U.S. House
Gene Rechtzigel,H6MN04244,U.S. House
Gene Siadek,S0NE00155,U.S. Senate
Genevieve Collins,H0TX32087,U.S. House
Gennaro Napolitano,H0AZ06100,U.S. House
George Devolder-Santos,H0NY03083,U.S. House
George McDermott,H4MD04071,U.S. House
George Mitris,H0NY25094,U.S. House
Georgette Gomez,H0CA53107,U.S. House
Gerald Beloin,S0NH00284,U.S. Senate
Gerry Connolly,H8VA11062,U.S. House
Gerry Nolan,H0FL06145,U.S. House
Gil Cisneros,H8CA39174,U.S. House
Gilbert Midonnet,H0NY07126,U.S. House
Gilead Towne,H0NH02280,U.S. House
Gina Ortiz Jones,H8TX23121,U.S. House
Glenn S Grothman,H4WI06048,U.S. House
Glenn Thompson,H8PA05071,U.S. House
Grace Meng,H2NY06116,U.S. House
Grace Napolitano,H8CA34068,U.S. House
Greg Murphy,H0NC03172,U.S. House
Greg Musselwhite,H0FL20120,U.S. House
Greg Pence,H8IN06129,U.S. House
Greg Raths,H4CA45089,U.S. House
Greg Stanton,H8AZ09040,U.S. House
Greg Steube,H8FL17053,U.S. House
Gregorio Sablan,H8MP00041,U.S. House
Gregory Coll,H0MD08203,U.S. House
Gregory E. Fitch,S0LA00295,U.S. Senate
Gregory Jones,S0MI00197,U.S. Senate
Gregory W Meeks,H8NY06048,U.S. House
Gretchen Driskell,H0MI07150,U.S. House
Gus Bilirakis,H6FL09070,U.S. House
Gus Trujillo,H0TX13152,U.S. House
Gustavo Rivera,H0NY15228,U.S. House
Guy Reschenthaler,H8PA18199,U.S. House
Gwen Moore,H4WI04183,U.S. House
Hakeem Jeffries,H2NY10092,U.S. House
Hal Rogers,H0KY05015,U.S. House
Haley Stevens,H8MI11254,U.S. House
Hank Gilbert,H0TX01108,U.S. House
Hank Johnson,H6GA04129,U.S. House
Hank Linderman,H8KY02080,U.S. House
Hans Tinsley,H0MN01094,U.S. House
Harley Rouda,H8CA48035,U.S. House
Harrison Shuler,H0SC06229,U.S. House
Harry Burger,H0NY02309,U.S. House
Hector Rivera,H0FL24213,U.S. House
Heerak Christian Kim,H0VA08172,U.S. House
Helane Seikaly,H0TX03120,U.S. House
Helen Brady,H0MA09076,U.S. House
Henry Cuellar,H2TX23082,U.S. House
Herb Robinson,H8MA04047,U.S. House
Hilary Turner,H0WV03151,U.S. House
Hillary O'Connor Mueri,H0OH14084,U.S. House
Hillary Scholten,H0MI03316,U.S. House
Hiral Tipirneni,H8AZ08083,U.S. House
Hosea Cleveland,H4SC03111,U.S. House
Howard Kearney,H6LA01225,U.S. House
Howard Knepper,H0FL24221,U.S. House
Howard Rabin,H0NY03091,U.S. House
Ibrahim Taher,S0OR00329,U.S. Senate
Idaho L Law,H0ID02111,U.S. House
Ihssane Leckey,H0MA04143,U.S. House
Ilhan Omar,H8MN05239,U.S. House
Iman-Utopia Layjou Bah,H0AZ02216,U.S. House
Irene Armendariz-Jackson,H0TX16106,U.S. House
Isaac McCorkle,H0CO04197,U.S. House
Isaiah Sanderman,H0IL05369,U.S. House
J.D. Scholten,H8IA04106,U.S. House
Jack Reed,S6RI00163,U.S. Senate
Jackie Gordon,H0NY02192,U.S. House
Jackie Speier,H8CA12171,U.S. House
Jackie Walorski,H0IN02190,U.S. House
Jackson Maynard,H0WA10109,U.S. House
Jacob Curnow,H0FL13190,U.S. House
Jahana Hayes,H8CT05245,U.S. House
Jaime Castle,H0OH02139,U.S. House
Jaime Harrison,S0SC00289,U.S. Senate
Jaime Herrera Beutler,H0WA03187,U.S. House
Jaimie Kulikowski,H8CO06294,U.S. House
Jaimy Blanco,H8TX29110,U.S. House
Jake Auchincloss,H0MA04192,U.S. House
Jake Laturner,H0KS02188,U.S. House
Jamaal Bowman,H0NY16143,U.S. House
"Jamar ""Doc"" Myers-Montgomery",S0LA00303,U.S. Senate
James Averhart,H0AL01097,U.S. House
James Bradley,H0CA28166,U.S. House
James Brumley,S0TX00407,U.S. Senate
James Comer,H6KY01110,U.S. House
James DeMartino,S0DE00191,U.S. Senate
James Debello,H0CA52083,U.S. House
James Desira,H0NY22091,U.S. House
James E Clyburn,H2SC02042,U.S. House
James E Risch,S8ID00092,U.S. Senate
James Harris,H0MI05170,U.S. House
James Kennedy,H0FL08224,U.S. House
James M Inhofe,S4OK00083,U.S. Senate
James P McGovern,H4MA03022,U.S. House
James Rhodes,H0KY01071,U.S. House
James Rodenberger,H0IN08221,U.S. House
James Waters,H0CA46077,U.S. House
Jamesia James,S0GA00609,U.S. Senate
Jamie Cheek,H0UT01148,U.S. House
Jamie Raskin,H6MD08457,U.S. House
Jamie Zahlaway Belsito,H0MA06098,U.S. House
Jan Schakowsky,H8IL09067,U.S. House
Janine Hansen,H2NV02205,U.S. House
Japheth Matemu,H8NC02136,U.S. House
Jared Golden,H8ME02185,U.S. House
Jared Huffman,H2CA06259,U.S. House
Jarmal Jabbar Sanders,S0AL00222,U.S. Senate
Jason Buckley,S0KS00356,U.S. Senate
Jason Call,H0WA02189,U.S. House
Jason Crow,H8CO06229,U.S. House
Jason Lewis,S0MN00328,U.S. Senate
Jason Mata,H0TX35056,U.S. House
Jason Mushnick,H0NJ08152,U.S. House
Jason Reeves,H4TX33020,U.S. House
Jason Roberge,H0VA07117,U.S. House
Jason Ross,H0TX04177,U.S. House
Jason Sigmon,H0TX32111,U.S. House
Jason Smith,H4MO08162,U.S. House
Jay Allen,H0ME01119,U.S. House
Jay Obernolte,H0CA08135,U.S. House
Jay Taylor,H0TX26162,U.S. House
Jean-Michel Creviere,H0MI02219,U.S. House
Jeanne Ives,H0IL06060,U.S. House
Jeanne Nigro,H0NY10088,U.S. House
Jeanne Shaheen,S0NH00219,U.S. Senate
Jeannine Lee Lake,H8IN06152,U.S. House
Jeff Denaro,H8NH01319,U.S. House
Jeff Duncan,H0SC03077,U.S. House
Jeff Fortenberry,H4NE01064,U.S. House
Jeff Gorman,H0CA20122,U.S. House
Jeff Haggit,H0WY01051,U.S. House
Jeff Jones,H6MI12264,U.S. House
Jeff Jordan,H0VA08198,U.S. House
Jeff Merkley,S8OR00207,U.S. Senate
Jeff Van Drew,H8NJ02166,U.S. House
Jeffery Cady,H0TX11297,U.S. House
Jeffrey Beeler,H8WA01077,U.S. House
Jeffrey Blunt,H8TX21125,U.S. House
Jeffrey E. Olson,H0FL22142,U.S. House
Jeffrey Jowske,H0MI10261,U.S. House
Jeffrey Lemire,H6RI01138,U.S. House
Jen Zinone,H0NJ10232,U.S. House
Jennifer Sharon,H0TX35064,U.S. House
Jennifer Wexton,H8VA10106,U.S. House
Jenniffer Gonzalez,H6PR00082,U.S. House
Jennyfer Bucardo,H0NC06209,U.S. House
Jeremy Bravo,H0TX31162,U.S. House
Jeremy Thomas,S0NC00384,U.S. Senate
Jerrold Nadler,H2NY17071,U.S. House
Jerry Carl,H0AL01055,U.S. Senate
Jerry Hilliard,H8MI04101,U.S. House
Jerry McNerney,H4CA11081,U.S. House
Jesse Jensen,H0WA08103,U.S. House
Jesse Mermell,H0MA04184,U.S. House
Jessica King,H0WI06186,U.S. House
Jessica Scarane,S0DE00175,U.S. Senate
Jesus Garcia,H8IL04134,U.S. House
Jesus Solorio Jr,H0IL04081,U.S. House
Jill Schupp,H0MO02254,U.S. House
Jillian Freeland,H0CO05129,U.S. House
Jim Baird,H8IN04199,U.S. House
Jim Banks,H6IN03229,U.S. House
Jim Bognet,H0PA08221,U.S. House
Jim Cooper,H2TN05131,U.S. House
Jim Costa,H4CA20082,U.S. House
Jim Griffin,H0CT01134,U.S. House
Jim Hagedorn,H0MN01045,U.S. House
Jim Higgins,H2MO02078,U.S. House
Jim Himes,H8CT04172,U.S. House
Jim Jordan,H6OH04082,U.S. House
Jim Langevin,H0RI02139,U.S. House
Jim Marchant,H0NV04015,U.S. House
Jim Oberweis,H8IL14083,U.S. House
Jim Pruden,H0FL22118,U.S. House
Jim Vandermaas,S0ID00164,U.S. Senate
Jimmy Edwards,S0MS00086,U.S. Senate
Jimmy Gomez,H8CA34266,U.S. House
Jimmy Panetta,H6CA20152,U.S. House
Jo Jorgensen,P00013524,President
Jo Rae Perkins,S4OR00156,U.S. Senate
Joan Farr,S0OK00412,U.S. Senate
Joan Greene,H8AZ05154,U.S. House
Joanna Harbour,H0OR03174,U.S. House
Joaquin Castro,H2TX35011,U.S. House
Jodey Arrington,H6TX19099,U.S. House
Jody Hice,H0GA07125,U.S. House
Joe Akana,H0HI02213,U.S. House
Joe Biden,P80000722,President
Joe Collins,H0CA43108,U.S. House
Joe Courtney,H2CT02112,U.S. House
Joe Cunningham,H8SC01116,U.S. House
Joe Jarvis,H0UT02310,U.S. House
Joe Kennedy III,S0MA00208,U.S. Senate
Joe Mackey,H8IN04140,U.S. House
Joe Tarshish,H0PA04287,U.S. House
Joe Wilson,H2SC02059,U.S. House
Joel Azumah,H4NY09090,U.S. House
Joel Newby,H0OH15149,U.S. House
Joey Camp,S0CO00633,U.S. Senate
John A Yarmuth,H6KY03124,U.S. House
John B Larson,H8CT01046,U.S. House
John Badger,H0LA01194,U.S. House
John Bergman,H6MI01226,U.S. House
John Briscoe,H8CA47078,U.S. House
John C. Cummings,H0NY14296,U.S. House
John Cain,H0MA01073,U.S. House
John Carter,H2TX31044,U.S. House
John Collick,H0VA03124,U.S. House
John Cornyn,S2TX00106,U.S. Senate
John Curtis,H8UT03238,U.S. House
John Emmons,H0PA06167,U.S. House
John Fortuin,S0GA00617,U.S. Senate
John Garamendi,H0CA10149,U.S. House
John Gibney,H0MT00124,U.S. House
John Giuffre,H0HI01223,U.S. House
John Hickenlooper,S0CO00575,U.S. Senate
John Howe,S0AK00238,U.S. Senate
John James,S8MI00372,U.S. Senate
John Joyce,H8PA13125,U.S. House
John Kael Weston,H0UT02302,U.S. House
John Katko,H4NY24073,U.S. House
John McCollum,H0SC06237,U.S. House
John McGuire,H0VA07133,U.S. House
John McHugh,H0PA06175,U.S. House
John Molnar,H0UT04118,U.S. House
John Moolenaar,H4MI04126,U.S. House
John Page,H0AL02186,U.S. House
John Paul Bourgeois,S0LA00360,U.S. Senate
John Paul Moran,H0MA06148,U.S. House
John Rose,H8TN06094,U.S. House
John Rutherford,H6FL04105,U.S. House
John Sarbanes,H6MD03292,U.S. House
John Stewart,H0OH12211,U.S. House
John Tilford,H0IN09187,U.S. House
John Wells,H0KY05163,U.S. House
Johnny Nalbandian,H0CA27127,U.S. House
Johnny Ray Salling,H0MD02230,U.S. House
Johnny Teague,H0TX09176,U.S. House
Johsira C. Cruz,H0GA04148,U.S. House
Jon Hoadley,H0MI06152,U.S. House
Jon Mark Hogg,H0TX11198,U.S. House
Jon Ossoff,S8GA00180,U.S. Senate
Jonathan Hoomanawanui,H0HI02197,U.S. House
Jonathan Riddle,H0CT04195,U.S. House
Jonathan Royce Esteban,H0NV04049,U.S. House
Joni Ernst,S4IA00129,U.S. Senate
Jonia Broderick,H0UT04027,U.S. House
Jose Nadal Power,H0PR01018,U.S. House
Joseph D Morelle,H8NY25105,U.S. House
Joseph Evans,H0ID01295,U.S. House
Joseph Maridon,H0NV01250,U.S. House
Joseph Neguse,H8CO02160,U.S. House
Joseph Severino,H0IL10393,U.S. House
Josh Barnett,H0AZ07082,U.S. House
Josh Goldfein,H0NY01228,U.S. House
Josh Gottheimer,H6NJ05171,U.S. House
Josh Harder,H8CA10126,U.S. House
Josh Hicks,H0KY06179,U.S. House
Joshua Rodriguez,S0CO00617,U.S. Senate
Joshua Sauberman,H8NY03177,U.S. House
Joshua Scott,H8CA32088,U.S. House
Joyce Beatty,H2OH03125,U.S. House
Joyce Bentley,H8NV01261,U.S. House
Joyce Elliott,H0AR02206,U.S. House
Joyce Griggs,H0GA01029,U.S. House
Juan Carlos Albors,H0PR01026,U.S. House
Juan Hidalgo,H8CA51062,U.S. House
Juan Vargas,H2CA50026,U.S. House
Judith Goldiner,H0NY09130,U.S. House
Judith Schwartzbacker,H0MN08180,U.S. House
Judy Chu,H0CA32101,U.S. House
Julia Brownley,H2CA00120,U.S. House
Julie Hall,H0MA04259,U.S. House
Julie Oliver,H8TX25159,U.S. House
Justin Aguilera,H8CA19051,U.S. House
Justin Anderson,H0CT02207,U.S. House
Justin O'Donnell,S0NH00300,U.S. Senate
Justin Odell Smoak,H0WA01132,U.S. House
Justin Paglino,H0CT03163,U.S. House
K.W. Miller,H0FL18215,U.S. House
Kacey Morgan,S0TN00292,U.S. Senate
Kai Kahele,H0HI02155,U.S. House
Kali Barnett,H0KS01172,U.S. House
Kamau Bakari,H0NV01268,U.S. House
Kandiss Taylor,S0GA00641,U.S. Senate
Kara Eastman,H8NE02220,U.S. House
Karen Bass,H0CA33117,U.S. House
Karen Ben-Moyal,H0TX14200,U.S. House
Karen Handel,H8GA06286,U.S. House
Kat Cammack,H0FL03175,U.S. House
Kate Bolz,H0NE01120,U.S. House
Kate Schroder,H0OH01099,U.S. House
Katherine Clark,H4MA05084,U.S. House
Kathleen Rice,H4NY04075,U.S. House
Kathleen Williams,H8MT01232,U.S. House
Kathleen Wright,H0SC02103,U.S. House
Kathryn Ellis,H8MO08098,U.S. House
Kathy Barnette,H0PA04279,U.S. House
Kathy Castor,H6FL11126,U.S. House
Kathy Manning,H8NC13067,U.S. House
Katie Porter,H8CA45130,U.S. House
Katie Witt,H0UT01130,U.S. House
Kay Granger,H6TX12060,U.S. House
Kaynen Pellegrino,H0AL06112,U.S. House
Keenan Wallace Dunham,S0SC00354,U.S. Senate
Keisha Waites,H0GA13156,U.S. House
Keith Arnold,H8WA08080,U.S. House
Keith Price,H0NY22109,U.S. House
Keith Swank,H2WA08166,U.S. House
Kel Britvec,H0FL15096,U.S. House
Kelly Armstrong,H8ND00096,U.S. House
Kelly Loeffler,S0GA00526,U.S. Senate
Kemi Akindude,H0NY11102,U.S. House
Ken Ashby,H8TX05052,U.S. House
Ken Buck,H4CO04090,U.S. House
Ken Calvert,H2CA37023,U.S. House
Ken Tucker,H0IN05342,U.S. House
Kendall Qualls,H0MN03124,U.S. House
Kendra Horn,H8OK05109,U.S. House
Kenneth Schaeffer,H4NY13068,U.S. House
Kenney Elkomous,S0TX00464,U.S. Senate
Kenny Houston,H0LA04099,U.S. House
Kerry Bentivolio,H2MI11133,U.S. House
Kerry Gibson,H0UT01171,U.S. House
Kerry McKennon,S0TX00340,U.S. Senate
Kevin Brady,H6TX08100,U.S. House
Kevin Cookingham,H0CA16120,U.S. House
Kevin Craig,H4MO07107,U.S. House
Kevin Freeman,H0NH01274,U.S. House
Kevin Hale,H0TX05125,U.S. House
Kevin Hayes,S0NC00400,U.S. Senate
Kevin Hern,H8OK01157,U.S. House
Kevin Kahn,H0OH01115,U.S. House
Kevin McCarthy,H6CA22125,U.S. House
Kevin O'Connor,S0MN00393,U.S. Senate
Kevin Rondeau,H0NH01258,U.S. House
Kevin Van Ausdal,H0GA14097,U.S. House
Kevin Wilson,H0NY25102,U.S. House
Kim Mangone,H0CA23167,U.S. House
Kim Nelson,H0SC04281,U.S. House
Kim O'connor,H4FL02013,U.S. House
Kim Schrier,H8WA08189,U.S. House
Kimberly Bizon,H8MI10108,U.S. House
Kimberly Klacik,H0MD07197,U.S. House
Kimberly Walker,H6FL13197,U.S. House
Kiran Sreepada,H0TN07255,U.S. House
Kojo Asamoa-Caesar,H0OK01147,U.S. House
Kristina Lyke,H0MI08158,U.S. House
Kristine Reeves,H0WA10042,U.S. House
Kristofer Steven Lawson,H0FL10105,U.S. House
Kristy Gnibus,H0PA16034,U.S. House
Kristy Thripp,H0FL02219,U.S. House
Kurt Schrader,H8OR05107,U.S. House
Kwanza Hall,H0GA05327,U.S. House
Kweisi Mfume,H0MD07114,U.S. House
Kyle Roberts,H0VA03157,U.S. House
Kyle Van De Water,H0NY19204,U.S. House
Lacy Johnson,H0MN05178,U.S. House
Lacy Watson,H0WV03144,U.S. House
Lance Brown,H0MI06194,U.S. House
Lance Gooden,H8TX05144,U.S. House
Lance Harris,H0LA05112,U.S. House
Larry Bucshon,H0IN08114,U.S. House
Larry Guy Hammond,H8SC07071,U.S. House
Laura Lombard,H8KS04088,U.S. House
Laura Loomer,H0FL21078,U.S. House
Lauren A Underwood,H8IL14174,U.S. House
Lauren Boebert,H0CO03165,U.S. House
Lauren Witzke,S0DE00183,U.S. Senate
Lavern Spicer,H0FL24205,U.S. House
Laverne Gore,H0OH11098,U.S. House
Lee Griffin,H0PA12199,U.S. House
Lee Haywood,H0NC06241,U.S. House
Lee Murphy,H8DE01044,U.S. House
Lee Zeldin,H8NY01148,U.S. House
Leo Valentin,H0FL07143,U.S. House
Leon Benjamin,H0VA04064,U.S. House
Leonard Steinman,H0MO04151,U.S. House
Lewis Carter,H0KY02129,U.S. House
Liam O'Mara,H0CA42217,U.S. House
Linda Sanchez,H2CA39078,U.S. House
Linda Sawyer,H0MI13497,U.S. House
Lindsay Holliday,H0GA08115,U.S. House
Lindsey Graham,S0SC00149,U.S. Senate
Lindsey Simmons,H0MO04235,U.S. House
Lisa Blunt Rochester,H6DE00206,U.S. House
Lisa Garcia,S0CO00682,U.S. Senate
Lisa McClain,H0MI10287,U.S. House
Lisa Peterson,H0MA06114,U.S. House
Lisa Savage,S0ME00137,U.S. Senate
Lisa Scheller,H0PA07132,U.S. House
Lisa Welch,H0TX12238,U.S. House
Liz Cheney,H6WY00159,U.S. House
Liz Johnson,H0GA12059,U.S. House
Lizzie Fletcher,H8TX07140,U.S. House
Lloyd Coker,H0TX10232,U.S. House
Lloyd Doggett,H4TX10028,U.S. House
Lloyd Smucker,H6PA16320,U.S. House
Lloyd Williams,S0SC00347,U.S. Senate
Lois J Frankel,H2FL14053,U.S. House
Lori Trahan,H8MA03106,U.S. House
Lou Correa,H6CA46116,U.S. House
Louis B Gohmert Jr.,H4TX04039,U.S. House
Lovelynn Gwinn,H0NY13165,U.S. House
Luca Nascimbene,H0NY01194,U.S. House
Lucille Roybal-Allard,H2CA33048,U.S. House
Lucy McBath,H8GA06393,U.S. House
Luis Ed Vergara,S0NJ00183,U.S. Senate
Luis Roberto Pinero,H0PR00085,U.S. House
Luke Letlow,H0LA05120,U.S. House
Luke Negron,H0PA18113,U.S. House
Luke Warren,S0TX00449,U.S. Senate
Lynne Blankenbeker,H8NH02283,U.S. House
Lynnette Grey Bull,H0WY01036,U.S. House
MJ Hegar,S0TX00233,U.S. Senate
Mable Thomas,H2GA05075,U.S. House
Madeleine Dean,H8PA04116,U.S. House
Madison Cawthorn,H0NC11233,U.S. House
Maggie Jo Hilliard,S0KY00487,U.S. Senate
Manga Anantatmula,H0VA11127,U.S. House
Marc Veasey,H2TX33073,U.S. House
Marcia L Fudge,H8OH11141,U.S. House
Marcia Squier,S8MI00430,U.S. Senate
Marcus Jejaun Williams,S0AL00255,U.S. Senate
Marcy Kaptur,H2OH09031,U.S. House
Margaret Good,H0FL16094,U.S. House
Margaret Streicker,H0CT03155,U.S. House
Maria Salazar,H8FL27185,U.S. House
Mariannette Miller-Meeks,H0IA02180,U.S. House
Marie Newman,H8IL03102,U.S. House
Marilyn Strickland,H0WA10034,U.S. House
Mario Diaz-Balart,H2FL25018,U.S. House
Marjorie Greene,H0GA06192,U.S. House
Mark Amodei,H2NV02395,U.S. House
Mark Bauer,H0TX24266,U.S. House
Mark Boler,H0TX26105,U.S. House
Mark Curran,S0IL00543,U.S. Senate
Mark Desaulnier,H0CA10073,U.S. House
Mark Elworth Jr,H0NE03225,U.S. House
Mark Green,H8TN07076,U.S. House
Mark Hackett,H0SC06245,U.S. House
Mark Kelly,S0AZ00350,U.S. Senate
Mark Leyva,H8IN01096,U.S. House
Mark Loewe,H4TX21082,U.S. House
Mark Matyi,H0CO02191,U.S. House
Mark Pocan,H2WI02124,U.S. House
Mark Razzoli,H0NJ12204,U.S. House
Mark Reed,H6CA30185,U.S. House
Mark Richardson,H0OH03111,U.S. House
Mark Ronchetti,S0NM00124,U.S. Senate
Mark Sylvia,H0MA09068,U.S. House
Mark Takano,H2CA43245,U.S. House
Mark Turley,S0DE00167,U.S. Senate
Mark Warner,S6VA00093,U.S. Senate
Markwayne Mullin,H2OK02083,U.S. House
Marquita Bradshaw,S0TN00342,U.S. Senate
Martha McSally,S8AZ00221,U.S. Senate
Martha Wolf,S0CO00690,U.S. Senate
Martin Cowen,H8GA13027,U.S. House
Martin Hash,H8WA03214,U.S. House
Martin Lemelle,H0LA05138,U.S. House
Martin Schulte,H0MO02262,U.S. House
Martin Weber,H0NJ03229,U.S. House
Marvin Richardson,H2ID01150,U.S. House
Mary Brannon,H8OK04094,U.S. House
Mary Fay,H0CT01126,U.S. House
Mary Gay Scanlon,H8PA07200,U.S. House
Mary Knapp,S0VA00153,U.S. Senate
Mary Miller,H0IL15129,U.S. House
Mary Wright,S0MS00094,U.S. Senate
Matt Cartwright,H2PA17079,U.S. House
Matt Gaetz,H6FL01119,U.S. House
Matt Mayberry,H0NH01290,U.S. House
Matt Mowers,H0NH01282,U.S. House
Matt Rosendale,H4MT00050,U.S. House
Matthew Best,H0KY05155,U.S. House
Matthew David Heines,H0WA01140,U.S. House
Matthew Gullo,H0ND01034,U.S. House
Matthew Hasty,H0LA05146,U.S. House
Matthew Lieberman,S0GA00468,U.S. Senate
Matthew Mixon,H0MA06122,U.S. House
Matthew Morris,H0DE01066,U.S. House
Maureen McArdle Schulman,H0NY17315,U.S. House
Mauro Garza,H8TX21331,U.S. House
Max Linn,S8ME00163,U.S. Senate
Max Rose,H8NY11113,U.S. House
Maxine Waters,H4CA23011,U.S. House
Meg Gorman,H0TN03452,U.S. House
Megan Rezabek,H0MO03245,U.S. House
Melissa Watson,H0SC07029,U.S. House
Merav Ben David,S0WY00152,U.S. Senate
Mia Mason,H0MD01232,U.S. House
Michael Blake,H0NY15194,U.S. House
Michael Burgess,H2TX26093,U.S. House
Michael Callis,H6NH01263,U.S. House
Michael Chandler,H2SC04121,U.S. House
Michael Cloud,H8TX27049,U.S. House
Michael David Sanchez,H0TX14242,U.S. House
Michael Felts,H0TX21114,U.S. House
Michael Fricke,H0OH13235,U.S. House
Michael Gammariello,H0NY27165,U.S. House
Michael Guest,H8MS03125,U.S. House
Michael Harvey,H0PA03347,U.S. House
Michael Madrid,H0NY10146,U.S. House
Michael McCaul,H4TX10093,U.S. House
Michael Moore,H0MN05293,U.S. House
Michael Muscato,H0AZ08072,U.S. House
Michael Parietti,H0NY17331,U.S. House
Michael Parrish,S0AL00313,U.S. Senate
Michael R Turner,H2OH03067,U.S. House
Michael San Nicolas,H8GU01020,U.S. House
Michael T Kroske,H0FL23108,U.S. House
Michael Tolar,H0CA38157,U.S. House
Michael Waltz,H8FL06148,U.S. House
Michelle De La Isla,H0KS02196,U.S. House
Michelle Fischbach,H0MN07091,U.S. House
Michelle Garcia Holmes,H0NM01189,U.S. House
Michelle Steel,H0CA48198,U.S. House
Michelle Tippens,H8HI01283,U.S. House
Mike Bost,H4IL12060,U.S. House
Mike Cargile,H0CA35146,U.S. House
Mike Craven,H8KY03187,U.S. House
Mike D Rogers,H2AL03032,U.S. House
Mike Detmer,H0MI08133,U.S. House
Mike Doyle,H4PA18131,U.S. House
Mike Espy,S8MS00287,U.S. Senate
Mike Fricilone,H0IL03117,U.S. House
Mike Gallagher,H6WI08155,U.S. House
Mike Garcia,H0CA25105,U.S. House
Mike Johnson,H6LA04138,U.S. House
Mike Kalagias,H8AR03090,U.S. House
Mike Kelly,H0PA03271,U.S. House
Mike Levin,H8CA49058,U.S. House
Mike Quigley,H0IL05096,U.S. House
Mike Raleigh,H0NY26076,U.S. House
Mike Rounds,S4SD00049,U.S. Senate
Mike Siegel,H0TX10208,U.S. House
Mike Simpson,H8ID02064,U.S. House
Mike Thompson,H8CA01109,U.S. House
Mikie Sherrill,H8NJ11142,U.S. House
Miriam Berry,H0VT00130,U.S. House
Mitch McConnell,S2KY00012,U.S. Senate
Mo Brooks,H0AL05163,U.S. House
Moe Brown,H0SC05056,U.S. House
Moe Davis,H0NC11175,U.S. House
Mohammad Dar,H0MA08037,U.S. House
Mondaire Jones,H0NY17174,U.S. House
Monica De La Cruz Hernandez,H0TX15124,U.S. House
Morgan Griffith,H0VA09055,U.S. House
Nancy Baxley,H0TN03445,U.S. House
Nancy Goroff,H0NY01186,U.S. House
Nancy Mace,H0SC01394,U.S. House
Nancy Pelosi,H8CA05035,U.S. House
Nanette Barragan,H6CA44103,U.S. House
Natale Stracuzzi,H8DC00143,U.S. House
Natalia Linos,H0MA04267,U.S. House
Natalie Cline,H0WV01114,U.S. House
Natalie Fleming,S0ID00172,U.S. Senate
Nate McMurray,H0NY27157,U.S. House
Nathan Ethan Franklin,S0GA00682,U.S. Senate
Nathaniel Mulcahy,H0MA06106,U.S. House
Neal Dunn,H6FL02208,U.S. House
Neil Parrott,H0MD06231,U.S. House
Netita V. Jefferson,H0TX06107,U.S. House
Nicholas Betts,H0VA06044,U.S. House
Nicholas Jones,H0ID01303,U.S. House
Nicholas Moss,H0OH03129,U.S. House
Nick Freitas,H0VA07158,U.S. House
Nick Matthew,H0MA04234,U.S. House
Nick Rubando,H0OH05074,U.S. House
Nicole Malliotakis,H0NY11078,U.S. House
Nikema Williams,H0GA05301,U.S. House
Nikka Piterman,H0CA13127,U.S. House
Nisha Sharma,H0CA15262,U.S. House
Nolan Reidhead,H0AZ01408,U.S. House
Norma Torres,H4CA35031,U.S. House
Nydia M Velazquez,H2NY00010,U.S. House
Olis Bahari,H0TX10224,U.S. House
Oliver Steinberg,S0MN00385,U.S. Senate
Oreta Tufaga-Mapu Crichton,H0AS01016,U.S. House
Orlando Molina,H0NY15327,U.S. House
Pam Keith,H0FL18207,U.S. House
Pat Hackett,H8IN02177,U.S. House
Patricia Ackerman,H0NV02209,U.S. House
Patricia Timmons-Goodson,H0NC08254,U.S. House
Patrick Fallon,H0TX04219,U.S. House
Patrick Feges,S0IL00600,U.S. Senate
Patrick McHenry,H4NC10047,U.S. House
Patrick McManus,H8NY15114,U.S. House
Patrick Post,H0FL19254,U.S. House
Patrick Shane Archer,H0OR02218,U.S. House
Paul Gosar,H0AZ01259,U.S. House
Paul Junge,H0MI08141,U.S. House
Paul Tonko,H8NY21203,U.S. House
Paul Tuten,S0KS00273,U.S. Senate
Paula Jean Swearengin,S0WV00215,U.S. Senate
Paulette Jordan,S0ID00180,U.S. Senate
Pete Aguilar,H2CA31125,U.S. House
Pete Sessions,H2TX03126,U.S. House
Pete Stauber,H8MN08043,U.S. House
Peter DeFazio,H6OR04047,U.S. House
Peter Greenwald,H4VA07127,U.S. House
Peter Meijer,H0MI03308,U.S. House
Peter Quilter,H0AZ02281,U.S. House
Peter Theron,H8WI02121,U.S. House
Peter Welch,H6VT00160,U.S. House
Peter Wenstrup,S0LA00345,U.S. Senate
Phil Arballo,H0CA22102,U.S. House
Phil Ehr,H8FL01107,U.S. House
Phil Gray,H6TX01261,U.S. House
Phil Kurtz,H8TX09153,U.S. House
Philanise White,H0IL01194,U.S. House
Philip MacRuari,H0NY02291,U.S. House
Phillip Snowden,H0LA05153,U.S. House
Phyllis Harvey-Hall,H0AL02202,U.S. House
Piotr Blass,H8FL00026,U.S. House
Pramila Jayapal,H6WA07458,U.S. House
Qasim Rashid,H0VA01235,U.S. House
Quentin Potter,H0OH07153,U.S. House
Quinn Nystrom,H0MN08156,U.S. House
Rae Hart Anderson,H0MN07141,U.S. House
Raffaele Santino DePalma,H0MA05116,U.S. House
Raja Krishnamoorthi,H6IL08147,U.S. House
Ralph Norman,H8SC05158,U.S. House
Ran Petel,H0CA14125,U.S. House
Randy Feenstra,H0IA04145,U.S. House
Randy Weber,H2TX14149,U.S. House
Raphael Warnock,S0GA00559,U.S. Senate
Rashad Lloyd,H0MD05266,U.S. House
Rashawn Woodard Sr,H0PA10144,U.S. House
Rashida Tlaib,H8MI13250,U.S. House
Raul M Grijalva,H2AZ07070,U.S. House
Raul Ruiz,H2CA36439,U.S. House
Ray J. Writz,S6ID00104,U.S. Senate
Ray Lenzi,H0IL12100,U.S. House
Raymon Doane,S0CO00674,U.S. Senate
Raymond Fogg Jr,S0TX00472,U.S. Senate
Rebecca Keltie,H0CO05152,U.S. House
Renedria Ann Welton,H0TX33051,U.S. House
Renee Hoyos,H8TN02176,U.S. House
Rey Gonzalez,H6TX34031,U.S. House
Rhett Smith,S0TX00241,U.S. Senate
Rhonda Palazzo,H0KY03259,U.S. House
Rian Ingrim,H0WA10083,U.S. House
Ricardo De La Fuente,H0TX27087,U.S. House
Ricardo Turullols-Bonilla,S0TX00423,U.S. Senate
Richard Boyce,H6WA10015,U.S. House
Richard Dien Winfield,S0GA00542,U.S. Senate
Richard Dunn,H0NV02225,U.S. House
Richard E Neal,H8MA02041,U.S. House
Richard Goble,H0FL07135,U.S. House
Richard Hudson,H2NC08185,U.S. House
Richard McCormick,H0GA07273,U.S. House
Richard Smith,H0NC12116,U.S. House
Richard Torregano,H4LA02038,U.S. House
Richard W Allen,H2GA12121,U.S. House
Richie Castaldo,H0OK02236,U.S. House
Rick Crawford,H0AR01083,U.S. House
Rick Hofsheier,H0OR01145,U.S. House
Rick Kennedy,H8TX17149,U.S. House
Rick Laib,H0IL11110,U.S. House
Rick Larsen,H0WA02080,U.S. House
Rick Neighbors,H8AL04086,U.S. House
Rick Stewart,S4IA00194,U.S. Senate
Ricky Dale Harrington Jr,S0AR00226,U.S. Senate
Ricky Donovan,H0NY26084,U.S. House
Rikin Mehta,S0NJ00217,U.S. Senate
Rishi Kumar,H0CA18068,U.S. House
Rita Hart,H0IA02156,U.S. House
Ritchie Torres,H0NY15160,U.S. House
Ritesh Tandon,H0CA17193,U.S. House
Ro Khanna,H4CA12055,U.S. House
Rob Latham,H0UT02328,U.S. House
Rob Weber,H0OH09167,U.S. House
Rob Wittman,H8VA01147,U.S. House
Robbie Goldstein,H0MA08045,U.S. House
Robert B Aderholt,H6AL04098,U.S. House
Robert E Latta,H8OH05036,U.S. House
Robert Franklin,H0GA05335,U.S. House
Robert Garrard,H8KS02108,U.S. House
Robert Jon Anderson,H8LA03060,U.S. House
Robert Lee Perry,H0KY02095,U.S. House
Robert Mair,H8WA01085,U.S. House
Robert Moser Jr,H0CO03140,U.S. House
Robert Smith,H0MO04243,U.S. House
Robert T. Murphy,S6OK04098,U.S. Senate
Robert Thomas,H0NC04220,U.S. House
Robert Underwood,H2GU00025,U.S. House
Robert Van Strawder,H0NV01243,U.S. House
Robert Williams,H0PA15127,U.S. House
Robert Wysinger,H0TX19076,U.S. House
Robin Dominick,H0MO05240,U.S. House
Robin Kelly,H2IL02172,U.S. House
Rodney Davis,H2IL13120,U.S. House
Roger Marshall,S0KS00315,U.S. Senate
Roger Polack,H0WI01120,U.S. House
Roger Williams,H2TX33040,U.S. House
Ron Burrus,H0HI02338,U.S. House
Ron Curtis,H0HI01298,U.S. House
Ron Estes,H8KS04112,U.S. House
Ron Kind,H6WI03099,U.S. House
Ron Wright,H8TX06233,U.S. House
Ronald Brown,H0TN07271,U.S. House
Ronda Kennedy,H0CA26145,U.S. House
Ronny Jackson,H0TX13228,U.S. House
Rosa L DeLauro,H0CT03072,U.S. House
Rosemary Becchi,H0NJ07279,U.S. House
Ross Leone,H8TX28203,U.S. House
Ruben Diaz Sr,H0NY15186,U.S. House
Ruben Gallego,H4AZ07043,U.S. House
Rudy Soto,H0ID01311,U.S. House
Russ Fulcher,H8ID01124,U.S. House
Russel Fugal,H0UT03185,U.S. House
Russell Foster,H0TX04151,U.S. House
Ruth Pellegrini,H0IL01228,U.S. House
Ryan Derks,H0MO05208,U.S. House
Salud Carbajal,H6CA24303,U.S. House
Sam Adams,H0FL06095,U.S. House
Sam Graves,H0MO06073,U.S. House
Samelys Lopez,H0NY15277,U.S. House
Sandra Whitten,H0TX28069,U.S. House
Sandy Smith,H0NC03149,U.S. House
Sanford Bishop,H2GA02031,U.S. House
Sara Gideon,S0ME00111,U.S. Senate
Sara Jacobs,H0CA53115,U.S. House
Sarah Hammond,H0PA11183,U.S. House
Sargis Sangari,H8IL09190,U.S. House
Scott Desjarlais,H0TN04195,U.S. House
Scott Fitzgerald,H0WI05113,U.S. House
Scott Franklin,H0FL15104,U.S. House
Scott Giblin,H0CA05107,U.S. House
Scott Huffman,H8NC08091,U.S. House
Scott Perry,H2PA04135,U.S. House
Scott Peters,H2CA52089,U.S. House
Scott Smith,H4NY18109,U.S. House
Scott Taylor,H0VA02118,U.S. House
Scott Vieira Jr,H0TN07263,U.S. House
Scotty Robinson,H0LA05104,U.S. House
Sean Casten,H8IL06139,U.S. House
Sean Parnell,H0PA17115,U.S. House
Sean Patrick Maloney,H2NY22139,U.S. House
Seldon Frank Cupps,S0MI00189,U.S. Senate
Seth Moulton,H4MA06090,U.S. House
Shahid Buttar,H8CA12262,U.S. House
Shane Bolling,H0CO02233,U.S. House
Shane Hazel,S0GA00575,U.S. Senate
Shannon Bray,S0NC00335,U.S. Senate
Shannon Fabert,H0KY04125,U.S. House
Shannon Freshour,H0OH04093,U.S. House
Shannon Liss-Riordan,S0MA00166,U.S. Senate
Sharice Davids,H8KS03155,U.S. House
Shawn Kelly,H0TX07238,U.S. House
Shawn Ponterio,H0VA01243,U.S. House
Shawna Roberts,H8OH06133,U.S. House
Sheila Jackson Lee,H4TX18054,U.S. House
Shekema George,H0VI01019,U.S. House
Shelley Moore Capito,S4WV00159,U.S. Senate
Shiva Ayyadurai,S8MA00268,U.S. Senate
Sia Lo,H0MN04197,U.S. House
Sima Ladjevardian,H0TX02106,U.S. House
Slater Johnson,H0MN07166,U.S. House
Sonny Narang,H8SC02122,U.S. House
Sri Kulkarni,H8TX22313,U.S. House
Stacey Plaskett,H2VI00082,U.S. House
Stan Koshy,H0NJ12188,U.S. House
Steny H Hoyer,H2MD05155,U.S. House
Stephan Evans,S0CO00708,U.S. Senate
Stephanie Bice,H0OK05205,U.S. House
Stephanie Murphy,H6FL07140,U.S. House
Stephanie Schmid,H0NJ04151,U.S. House
Stephen Daniel,H0TX06099,U.S. House
Stephen F Lynch,H2MA09072,U.S. House
Stephen Kuzmich,H0TX24142,U.S. House
Stephen Michael Patterson,H0MI00031,U.S. House
Stevan Porter,H8VA11088,U.S. House
Steve Brown,H4NV04058,U.S. House
Steve Bullock,S0MT00173,U.S. Senate
Steve Chabot,H8OH01043,U.S. House
Steve Cohen,H6TN09068,U.S. House
Steve Hohe,H0KS03269,U.S. House
Steve Jones,H0NM02237,U.S. House
Steve Negron,H8NH02275,U.S. House
Steve Perkins,H0OH04127,U.S. House
Steve Scalise,H0LA01087,U.S. House
Steve Scheetz,H0PA01341,U.S. House
Steve Stivers,H8OH15076,U.S. House
Steve Williams,H6NY24185,U.S. House
Steve Womack,H0AR03055,U.S. House
Steven Daines,S2MT00096,U.S. Senate
Steven Greenfield,H2NY22097,U.S. House
Steven Horsford,H2NV04011,U.S. House
Steven House,H0CO06119,U.S. House
Steven Kolln,H0NY12217,U.S. House
Steven Koonse,H8MO04105,U.S. House
Steven Palazzo,H0MS04120,U.S. House
Steven Peterson,H0ND00168,U.S. House
Steven Pinckney,H0MA05124,U.S. House
Steven Sanders,H0TX23292,U.S. House
Steven Skelton,H0WA01116,U.S. House
Sufiyah Yasmine,H0FL10121,U.S. House
Summer Rae Miller,H0MA02113,U.S. House
Susan Collins,S6ME00159,U.S. Senate
Susan Good Giese,S0MT00181,U.S. Senate
Susan Marie Smith,H0IN07256,U.S. House
Susan Sindt,H6MN04269,U.S. House
Susan Wild,H8PA15229,U.S. House
Susie Lee,H6NV04020,U.S. House
Suzan DelBene,H0WA08046,U.S. House
Suzanne Bonamici,H2OR01133,U.S. House
Suzanne Herzog,S0IA00184,U.S. Senate
Sylvia Caravetta,H0FL21185,U.S. House
Sylvia Garcia,H8TX29052,U.S. House
TJ Cox,H8CA10167,U.S. House
Tabitha Johnson-Green,H8GA10197,U.S. House
Tamara Johnson-Shealey,S0GA00484,U.S. Senate
Tamara Zwinak,H0NC11274,U.S. House
Tamika Hamilton,H0CA03128,U.S. House
Tawnja Zahradka,H0MN06150,U.S. House
Ted Brown,H0TX17252,U.S. House
Ted Budd,H6NC13129,U.S. House
Ted Deutch,H0FL19080,U.S. House
Ted Howze,H8CA10209,U.S. House
Ted Lieu,H4CA33119,U.S. House
Tedra Cobb,H8NY21245,U.S. House
Teresa Leger,H0NM03102,U.S. House
Teresa Montseny,H0MO07246,U.S. House
Terri A Sewell,H0AL07086,U.S. House
Terry Neese,H0OK05213,U.S. House
Theodore Murray,H0FL17175,U.S. House
Theresa Greenfield,S0IA00176,U.S. Senate
Theresa Raborn,H0IL02127,U.S. House
Thom Tillis,S4NC00162,U.S. Senate
Thomas G. McNeill,H0UT03243,U.S. House
Thomas Gilmer,H0CT02199,U.S. House
Thomas Massie,H2KY04121,U.S. House
Thomas Sharpe,S0NH00342,U.S. Senate
Thomas Speciale,S0VA00088,U.S. Senate
Thomas Zmich,H0NY06086,U.S. House
Thomasina Marsili,H0IN08213,U.S. House
Tiffany Bond,S0ME00160,U.S. Senate
Tiffany Shedd,H8AZ01237,U.S. House
Tim Burchett,H8TN02119,U.S. House
Tim Hazelo,H0WA02197,U.S. House
Tim Kelly,H0MI05162,U.S. House
Tim Rogers,H8WI04069,U.S. House
Tim Ryan,H2OH17109,U.S. House
Tim Smith,S0TX00415,U.S. Senate
Tim Uy,H0WA02213,U.S. House
Tim Walberg,H4MI07103,U.S. House
Tina Ramirez,H0VA07109,U.S. House
Tina Smith,S8MN00578,U.S. Senate
Todd Rowley,H0PA13114,U.S. House
Tom Alciere,S4NH00062,U.S. Senate
Tom Cole,H2OK04055,U.S. House
Tom Cotton,S4AR00103,U.S. Senate
Tom Emmer,H4MN06087,U.S. House
Tom Ferkinhoff,H8IN06137,U.S. House
Tom Hanson,H8IL05073,U.S. House
Tom Kean,H0NJ07261,U.S. House
Tom Lewellen,H0AZ06092,U.S. House
Tom Malinowski,H8NJ07223,U.S. House
Tom McClintock,H8CA04152,U.S. House
Tom O'Halleran,H6AZ01199,U.S. House
Tom Palzewicz,H8WI05165,U.S. House
Tom Reed,H0NY29054,U.S. House
Tom Rice,H2SC07066,U.S. House
Tom Schmitz,H0MO08285,U.S. House
Tom Shack,H0MA04226,U.S. House
Tom Suozzi,H6NY03247,U.S. House
Tom Tiffany,H0WI07101,U.S. House
Tom Wakely,H6TX21228,U.S. House
Tom Watson,H0TX19068,U.S. House
Tommy Tuberville,S0AL00230,U.S. Senate
Tony Amador,H0CA09125,U.S. House
Tony Cardenas,H2CA28113,U.S. House
Tony Gonzales,H0TX35015,U.S. House
Tonya Millis,H0IN09153,U.S. House
Toya Woodland,H0MN05269,U.S. House
Trace Johannesen,H0TX04185,U.S. House
Tracey Debruhl,H0NC11282,U.S. House
Tracey Mann,H0KS01123,U.S. House
Tracy Jennings,H0IL07159,U.S. House
Tracy Mitrano,H8NY23183,U.S. House
Travis Ransom,H0TX04193,U.S. House
Trent Kelly,H6MS01131,U.S. House
Trey Holcomb,H0TX12261,U.S. House
Trey Hollingsworth,H6IN09176,U.S. House
Tricia Zunker,H0WI07135,U.S. House
Troy Balderson,H8OH12180,U.S. House
Troy Nehls,H0TX22302,U.S. House
Tyler Kistner,H0MN02134,U.S. House
Tyler Schaeffer,H0NE02193,U.S. House
Val Demings,H2FL08063,U.S. House
Valbrun Almonord,H0GA03074,U.S. House
Valencia Stovall,S0GA00625,U.S. Senate
Valerie Ramirez Mukherjee,H0IL10351,U.S. House
Van Taylor,H8TX03123,U.S. House
Vance Patrick,H0MI14255,U.S. House
Vanessa Enoch,H8OH08097,U.S. House
Vennia Francois,H8FL07088,U.S. House
Vernon Buchanan,H6FL13148,U.S. House
Vernon Moore,H0IN05300,U.S. House
Verone Thomas,H8LA03086,U.S. House
Veronica Escobar,H8TX16109,U.S. House
Veronica Fernandez,S0NJ00258,U.S. Senate
Veronique Bellamy,S0CO00583,U.S. Senate
Vic Degrammont,H0FL20153,U.S. House
Vicente Gonzalez,H6TX15162,U.S. House
Vicky Hartzler,H0MO04086,U.S. House
Victoria Alexander,H0NY19212,U.S. House
Victoria Spartz,H0IN05326,U.S. House
Vinny Mendoza,S6LA00409,U.S. Senate
Virginia Foxx,H4NC05146,U.S. House
Warren Davidson,H6OH08315,U.S. House
Washington Blask,S0MA00224,U.S. Senate
Waymen Eddings,H0KY03242,U.S. House
Wayne Johnson,S0GA00492,U.S. Senate
Wendell Champion,H0TX18292,U.S. House
Wendie Fredrickson,S0MT00165,U.S. Senate
Wendy Davis,H0TX21148,U.S. House
Wesley Hunt,H0TX07170,U.S. House
Whitney Hatter,H0TX18300,U.S. House
William Figlesthaler,H0FL19114,U.S. House
William Fowler,H0NH01316,U.S. House
William Hanson,H0AR04087,U.S. House
William Hibbitts,H0KY05148,U.S. House
William Mendiola Castro,H0GU01027,U.S. House
William Robert Cunningham,H0TX26170,U.S. House
William Timmons,H8SC04250,U.S. House
Willie Wilson,S0IL00568,U.S. Senate
Xan John,S0LA00378,U.S. Senate
Xochitl Torres Small,H8NM02248,U.S. House
Ydanis Rodriguez,H0NY15269,U.S. House
Yomi Faparusi,S0TN00318,U.S. Senate
Young Kim,H8CA39240,U.S. House
Yvette D Clarke,H4NY11138,U.S. House
Yvette Herrell,H8NM02156,U.S. House
Zach Raknerud,H0ND01042,U.S. House
Zachary Dumont,H0NH01308,U.S. House
Zayira Jordan,H0PR01042,U.S. House
Zoe Lofgren,H4CA16049,U.S. House
Zoe Midyett,H0OK03093,U.S. House
Zoilo Adalia,H0WY00152,U.S. House
Unidentified politician,,
Unidentified unsure,,
Non-politician,,
Down-ballot politician,,
Barack Obama,WMPID3,
Hillary Clinton,WMPID7,
Ronald Reagan,WMPID6,
Kamala Harris,WMPID2,
Mike Pence,WMPID1,
George W. Bush,WMPID5,
Governor,,
Bill Clinton,WMPID4,