cand_fec,first_name,last_name,female
H8AK00140, Alyse,Galvin,TRUE
H8AK00132, Dimitri,Shein,FALSE
H6AK00045, Don,Young,FALSE
H8AL02213, Bobby,Bright,FALSE
H8AL02197, Tabitha,Isner,TRUE
H0AL02087, Martha,Roby,TRUE
H2AL03032, Mike,Rogers,FALSE
H6AL04098, Robert,Aderholt,FALSE
H0AL05163, Mo,Brooks,FALSE
H8AL05190, Peter,Joffrion,FALSE
H4AL06098, Gary,Palmer,FALSE
H4AR02141, French,Hill,FALSE
H8AR02159, Clarke,Tucker,FALSE
H8AR03090, Michael,Kalagias,FALSE
H0AR03055, Steve,Womack,FALSE
H4AR04048, Bruce,Westerman,FALSE
H6AZ01199, Tom,O'halleran,FALSE
H8AZ01237, Tiffany,Shedd,TRUE
H8AZ02151, Ann,Kirkpatrick,TRUE
H4AZ07043, Ruben,Gallego,FALSE
H8AZ08083, Hiral,Tipirneni,TRUE
H8AZ09024, Steve,Ferrara,FALSE
H8AZ09040, Greg,Stanton,FALSE
H8CA04210, Jessica,Morse,TRUE
H0CA19173, Jeff,Denham,FALSE
H8CA10126, Josh,Harder,FALSE
H4CA20082, Jim,Costa,FALSE
H8CA16065, Elizabeth,Heng,TRUE
H6CA20152, Jimmy,Panetta,FALSE
H6CA19113, Tj,Cox,FALSE
H2CA20094, David,Valadao,FALSE
H8CA22139, Andrew,Janz,FALSE
H8CA20059, Devin,Nunes,FALSE
H6CA22125, Kevin,Mccarthy,FALSE
H6CA24303, Salud,Carbajal,FALSE
H4CA24142, Justin,Fareed,FALSE
H8CA24150, Michael Erin,Woody,FALSE
H8CA25074, Katie,Hill,TRUE
H2CA36439, Raul,Ruiz,FALSE
H8CA39174, Gil,Cisneros,FALSE
H8CA39299, Herbert,Lee,FALSE
H8CA45130, Katie,Porter,TRUE
H4CA45097, Mimi,Walters,TRUE
H8CA48035, Harley,Rouda,FALSE
H8CA49090, Kristin,Gaspar,TRUE
H8CA49074, Sara,Jacobs,TRUE
H8CA49066, Paul,Kerr,FALSE
H8CA49058, Mike,Levin,FALSE
H8CA49108, Brian,Maryott,FALSE
H8CA50106, Josh,Butner,FALSE
H8CA52052, Duncan,Hunter,FALSE
H8CA51062, Juan,Hidalgo,FALSE
H2CA52089, Scott,Peters,FALSE
H8CO02160, Joe,Neguse,FALSE
H8CO03218, Karl,Hanlon,FALSE
H8CO03192, Diane,Mitsch-Bush,TRUE
H6CO05159, Doug,Lamborn,FALSE
H8CO05155, Bill,Rhea,FALSE
H8CO05130, Stephany Rose,Spaulding,TRUE
H8CO06138, Mike,Coffman,FALSE
H8CO06229, Jason,Crow,FALSE
H8CT05195, Mary,Glassman,TRUE
H8CT05245, Jahana,Hayes,TRUE
H6FL01168, Cris,Dosev,FALSE
H6FL01119, Matt,Gaetz,FALSE
H6FL02208, Neal,Dunn,FALSE
H8FL03038, Yvonne Hayes,Hinson,TRUE
H2FL06109, Ted,Yoho,FALSE
H8FL06098, Nancy,Soderberg,TRUE
H6FL07140, Stephanie,Murphy,TRUE
H6FL08213, Alan,Grayson,FALSE
H6FL09179, Darren,Soto,FALSE
H6FL13205, Charlie,Crist,FALSE
H6FL13148, Vern,Buchanan,FALSE
H8FL16055, David,Shapiro,FALSE
H8FL18028, Lauren,Baer,TRUE
H6FL22081, Mark,Freeman,FALSE
H6FL18097, Brian,Mast,FALSE
H2FL25018, Mario,Diaz-Balart,FALSE
H4FL26038, Carlos,Curbelo,FALSE
H8FL26039, Debbie,Mucarsel-Powell,TRUE
H8FL27136, Matt,Haggman,FALSE
H6FL18170, Stephen,Marks,FALSE
H8FL27060, David,Richardson,FALSE
H8FL27185, Maria Elvira,Salazar,TRUE
H8FL27193, Donna,Shalala,TRUE
H8GA06286, Karen,Handel,TRUE
H8GA06369, Bobby,Kaple,FALSE
H8GA06393, Lucy,Mcbath,TRUE
H8GA06260, Dan,Moody,FALSE
H8GA06195, Jon,Ossoff,FALSE
H8GA07201, Carolyn,Bourdeaux,TRUE
H8GA07151, David,Kim,FALSE
H8GA10197,  Tabitha,Johnson-Green,TRUE
H2GA12121, Rick,Allen,FALSE
H8GA12078, Francys,Johnson,FALSE
H4GA12051, Eugene,Yu,FALSE
H2GA13012, David,Scott,FALSE
H2HI02128, Ed,Case,FALSE
H8HI01200, Doug,Chin,FALSE
H8HI01192, Kaniela,Ing,FALSE
H4HI01167, Donna Mercado,Kim,TRUE
H8HI01218, Ernie,Martin,FALSE
H2HI02508, Tulsi,Gabbard,TRUE
H2IA01055, Rod,Blum,FALSE
H8IA01094, Abby,Finkenauer,TRUE
H8IA01128, Thomas,Heckroth,FALSE
H6IA02146, Dave,Loebsack,FALSE
H8IA03124, Cindy,Axne,TRUE
H8IA03173, Pete,Dalessandro,FALSE
H8IA03181, Eddie,Mauro,FALSE
H4IA03115, David,Young,FALSE
H2IA05072, Steve,King,FALSE
H8ID01124, Russ,Fulcher,FALSE
H4ID01065, Dave,Leroy,FALSE
H8IL04159, Sol,Flores,TRUE
H8IL04126, Richard,Gonzalez,FALSE
H8IL06139, Sean,Casten,FALSE
H8IL06121, Kelly,Mazeski,TRUE
H8IL07103, Anthony,Clark,FALSE
H6IL08147, Raja,Krishnamoorthi,FALSE
H2IL10068, Brad,Schneider,FALSE
H4IL12060, Mike,Bost,FALSE
H8IL12129, Brendan,Kelly,FALSE
H8IL12160, Preston,Nelson,FALSE
H2IL13120, Rodney,Davis,FALSE
H8IL13176, Jon,Ebel,FALSE
H8IL13168, Erik,Jones,FALSE
H8IL14174, Lauren,Underwood,TRUE
H2IL17071, Cheri,Bustos,TRUE
H6IL18161, Junius,Rodriguez,FALSE
H8IN02169, Mel,Hall,FALSE
H8IN02185, Yatish,Joshi,FALSE
H0IN02190, Jackie,Walorski,TRUE
H6IN03229, Jim,Banks,FALSE
H8IN03076, Courtney,Tritch,TRUE
H8IN04199, Jim,Baird,FALSE
H8IN04165, Steve,Braun,FALSE
H2IN05082, Susan,Brooks,TRUE
H8IN05188, Dee,Thornton,TRUE
H8IN06129, Greg,Pence,FALSE
H8IN07184, Andre,Carson,FALSE
H6IN08228, Richard,Moss,FALSE
H6IN09176, Trey,Hollingsworth,FALSE
H4KS01059, Alan,Lapolice,FALSE
H8KS02173, Paul,Davis,FALSE
H8KS02199, Steve,Watkins,FALSE
H8KS03155, Sharice,Davids,TRUE
H8KS03114, Tom,Niermann,FALSE
H8KS03122, Brent,Welder,FALSE
H8KS03163, Sylvia,Williams,TRUE
H0KS03137, Kevin,Yoder,FALSE
H8KS04112, Ron,Estes,FALSE
H8KS04120, James,Thompson,FALSE
H6KY01110, James,Comer,FALSE
H8KY03195, Vickie Yates,Glisson,TRUE
H6KY03124, John,Yarmuth,FALSE
H0KY06104, Andy,Barr,FALSE
H8KY06172, Jim,Gray,FALSE
H8KY06164, Amy,Mcgrath,TRUE
H0LA01087, Steve,Scalise,FALSE
H8LA03037, Josh,Guillory,FALSE
H6LA03148, Clay,Higgins,FALSE
H6LA03155, Larry,Rader,FALSE
H6LA04138, Mike,Johnson,FALSE
H4LA05221, Ralph,Abraham,FALSE
H4LA06153, Garret,Graves,FALSE
H8MA02041, Richard,Neal,FALSE
H8MA03072, Dan,Koh,FALSE
H8MA03197, Barbara,L'italien,TRUE
H8MA03122, Juana,Matias,TRUE
H8MA03106, Lori,Trahan,TRUE
H8MA08071, Mike,Capuano,FALSE
H8MA07032, Ayanna,Pressley,TRUE
H8MD01193, Jesse,Colvin,FALSE
H2MD02160, Dutch,Ruppersberger,FALSE
H8MD06150, Roger,Manno,FALSE
H8MD06143, Aruna,Miller,TRUE
H8MD06168, David,Trone,FALSE
H8ME01203, Marty,Grohman,FALSE
H8ME01120, Chellie,Pingree,TRUE
H8ME02185, Jared,Golden,FALSE
H4ME02234, Bruce,Poliquin,FALSE
H8ME02201, Lucas,St. Clair,FALSE
H8MI02113, Rob,Davidson,FALSE
H0MI02094, Bill,Huizenga,FALSE
H4MI04126, John,Moolenaar,FALSE
H8MI06163, George,Franklin,FALSE
H8MI06155, Matt,Longjohn,FALSE
H6MI04113, Fred,Upton,FALSE
H4MI07103, Tim,Walberg,FALSE
H4MI08135, Mike,Bishop,FALSE
H8MI08136, Lokesh,Kumar,FALSE
H8MI08102, Elissa,Slotkin,TRUE
H8MI09118, Andy,Levin,FALSE
H8MI09134, Ellen,Lipton,TRUE
H8MI11320, Lena,Epstein,TRUE
H8MI11338, Tim,Greimel,FALSE
H8MI11346, Suneel,Gupta,FALSE
H8MI11262, Fayrouz,Saad,TRUE
H8MI11254, Haley,Stevens,TRUE
H8MI13250, Rashida,Tlaib,TRUE
H8MI13318, Coleman,Young,FALSE
H8MN01279, Dan,Feehan,FALSE
H6MN02131, Angie,Craig,TRUE
H6MN02149, Jason,Lewis,FALSE
H8MN03077, Erik,Paulsen,FALSE
H8MN03143, Dean,Phillips,FALSE
H2MN07014, Collin,Peterson,FALSE
H8MN08068, Joe,Radinovich,FALSE
H8MN08043, Pete,Stauber,FALSE
H8MO02216, Mark,Osmack,FALSE
H8MO02208, Cort,Vanostran,FALSE
H2MO02102, Ann,Wagner,TRUE
H0MO04086, Vicky,Hartzler,TRUE
H0MO06073, Sam,Graves,FALSE
H4MO08162, Jason,Smith,FALSE
H8MS03125, Michael,Guest,FALSE
H8MS03141, Whit,Hughes,FALSE
H8MS03182, Perry,Parker,FALSE
H8MT01182, Greg,Gianforte,FALSE
H8MT00101, John,Heenan,FALSE
H8MT00077, Rob,Quist,FALSE
H8MT01232, Kathleen,Williams,TRUE
H8NC02110, Linda,Coleman,TRUE
H2NC13110, George,Holding,FALSE
H8NC02094, Ken,Romley,FALSE
H8NC03076, Scott,Dacey,FALSE
H8NC03068, Phil,Law,FALSE
H8NC05063, Denise,Adams,TRUE
H4NC05146, Virginia,Foxx,TRUE
H2NC07096, David,Rouzer,FALSE
H2NC08185, Richard,Hudson,FALSE
H8NC08083, Frank,Mcneill,FALSE
H8NC09131, Mark,Harris,FALSE
H8NC09123, Dan,Mccready,FALSE
H2NC09134, Robert,Pittenger,FALSE
H8NC11103, Phillip,Price,FALSE
H6NC13129, Ted,Budd,FALSE
H8NC13067, Kathy,Manning,TRUE
H8ND00096, Kelly,Armstrong,FALSE
H8ND00112, Mac,Schneider,FALSE
H4NE01064, Jeff,Fortenberry,FALSE
H4NE02054, Brad,Ashford,FALSE
H6NE02125, Don,Bacon,FALSE
H8NE02220, Kara,Eastman,TRUE
H8NE03087, Kirk,Penner,FALSE
H6NE03115, Adrian,Smith,FALSE
H8NH01152, Eddie,Edwards,FALSE
H8NH01210, Chris,Pappas,FALSE
H8NH01160, Andy,Sanborn,FALSE
H8NH01186, Maura,Sullivan,TRUE
H0NH02181, Ann,Kuster,TRUE
H4NJ01084, Donald,Norcross,FALSE
H4NJ01142, Scot John,Tomaszewski,FALSE
H8NJ02257, Nathan,Kleinman,FALSE
H8NJ02166, Jeff,Van Drew,FALSE
H8NJ03206, Andrew,Kim,FALSE
H4NJ03130, Tom,Macarthur,FALSE
H6NJ05171, Josh,Gottheimer,FALSE
H6NJ12136, Leonard,Lance,FALSE
H8NJ07223, Tom,Malinowski,FALSE
H8NJ11142, Mikie,Sherrill,TRUE
H8NM01372, Janice,Arnold-Jones,TRUE
H8NM01406, Pat,Davis,FALSE
H8NM01331, Deb,Haaland,TRUE
H8NM01364, Damian,Lara,FALSE
H8NM01380, Damon,Martinez,FALSE
H8NM01430, Paul,Moya,FALSE
H8NM01323, Antoinette,Sedillo-Lopez,TRUE
H8NM02156, Yvette,Herrell,TRUE
H8NM02073, Monty,Newman,FALSE
H8NM02248, Xochitl,Torres-Small,TRUE
H6NV02172, Sharron,Angle,TRUE
H8NV03200, Susie,Lee,TRUE
H2NV04045, Danny,Tarkanian,FALSE
H4NV04017, Cresent,Hardy,FALSE
H2NV04011, Steven,Horsford,FALSE
H2NY03089, Pete,King,FALSE
H4NY04075, Kathleen,Rice,TRUE
H2NY14037, Carolyn,Maloney,TRUE
H8NY19181, Antonio,Delgado,FALSE
H6NY19169, John,Faso,FALSE
H8NY19173, Brian,Flynn,FALSE
H8NY21203, Paul,Tonko,FALSE
H8NY21245, Tedra,Cobb,TRUE
H4NY21079, Elise,Stefanik,TRUE
H8NY21252, Katie,Wilson,TRUE
H8NY22151, Anthony,Brindisi,FALSE
H4NY22051, Claudia,Tenney,TRUE
H0NY29054, Tom,Reed,FALSE
H8NY24090, Dana,Balter,TRUE
H4NY24073, John,Katko,FALSE
H8NY25097, James,Maxwell,FALSE
H8NY25105, Joseph,Morelle,FALSE
H8NY27176, Nate,Mcmurray,FALSE
H8OH01043, Steve,Chabot,FALSE
H8OH01118, Aftab,Pureval,FALSE
H2OH02085, Brad,Wenstrup,FALSE
H6OH04082, Jim,Jordan,FALSE
H8OH05036, Bob,Latta,FALSE
H0OH18077, Bob,Gibbs,FALSE
H8OH10119, Theresa,Gasper,TRUE
H2OH03067, Mike,Turner,FALSE
H8OH12180, Troy,Balderson,FALSE
H8OH12263, Tim,Kane,FALSE
H8OH12248, Melanie,Leneghan,TRUE
H8OH12297, Danny,O'connor,FALSE
H8OH14111, Betsy,Rader,TRUE
H8OH15076, Steve,Stivers,FALSE
H8OH16124, Anthony,Gonzalez,FALSE
H8OK01124, Andy,Coleman,FALSE
H8OK01173, Tim,Gilpin,FALSE
H8OK01165, Tim,Harris,FALSE
H8OK01157, Kevin,Hern,FALSE
H2OK02083, Markwayne,Mullin,FALSE
H2OK04055, Tom,Cole,FALSE
H0OK05155, Tom,Guild,FALSE
H8OK05109, Kendra,Horn,TRUE
H4OK05132, Steve,Russell,FALSE
H8OR02161, Jamie,Mcleod-Skinner,TRUE
H6OR02116, Greg,Walden,FALSE
H6PA08277, Brian,Fitzpatrick,FALSE
H8PA08174, Scott,Wallace,FALSE
H8PA01260, Kevin,Johnson,FALSE
H8PA04116, Madeleine,Dean,TRUE
H8PA05279, Thaddeus,Kirkland,FALSE
H8PA07184, Ashley,Lunkenheimer,TRUE
H8PA07200, Mary Gay,Scanlon,TRUE
H8PA06087, Chrissy,Houlahan,TRUE
H8PA15229, Susan,Wild,TRUE
H2PA17079, Matt,Cartwright,FALSE
H8PA17050, John,Chrin,FALSE
H8PA11103, Joe,Peters,FALSE
H8PA10147, Dan,Meuser,FALSE
H8PA11095, Denny,Wolff,FALSE
H8PA10204, Eric,Ding,FALSE
H2PA04135, Scott,Perry,FALSE
H8PA04090, George,Scott,FALSE
H8PA16078, Jessica,King,TRUE
H6PA16320, Lloyd,Smucker,FALSE
H8PA05204, Marc,Friedenberg,FALSE
H0PA10078, Tom,Marino,FALSE
H8PA11061, Stephen,Bloom,FALSE
H8PA09024, John,Eichelberger,FALSE
H4PA09056, Art,Halvorson,FALSE
H8PA13125, John,Joyce,FALSE
H8PA18199, Guy,Reschenthaler,FALSE
H8PA18231, Rick,Saccone,FALSE
H8PA05071, Glenn,Thompson,FALSE
H4PA21069, Ron,Dinicola,FALSE
H0PA03271, Mike,Kelly,FALSE
H8PA18181, Conor,Lamb,FALSE
H0PA04220, Keith,Rothfus,FALSE
H8SC01124, Katie,Arrington,TRUE
H8SC01116, Joe,Cunningham,FALSE
H4SC01073, Mark,Sanford,FALSE
H8SC04342, Lee,Bright,FALSE
H8SC04375, Stephen,Brown,FALSE
H8SC04276, Dan,Hamilton,FALSE
H8SC04250, William,Timmons,FALSE
H8SC05109, Tom,Mullikin,FALSE
H8SC05158, Ralph,Norman,FALSE
H8SC05174, Archie,Parnell,FALSE
H8SC07055, Bill,Hopkins,FALSE
H2SC07066, Tom,Rice,FALSE
H8SD01097, Tim,Bjorkman,FALSE
H8SD01055, Dusty,Johnson,FALSE
H8SD01063, Shantel,Krebs,TRUE
H8SD00024, Neal,Tapio,FALSE
H6TN01388, Phil,Roe,FALSE
H8TN02119, Tim,Burchett,FALSE
H8TN02200, Jason,Emert,FALSE
H8TN02176, Renee,Hoyos,TRUE
H8TN02127, Jimmy,Matlock,FALSE
H8TN03208, Danielle,Mitchell,TRUE
H8TN06094, John,Rose,FALSE
H8TN07076, Mark,Green,FALSE
H6TN08169, George,Flinn,FALSE
H2TN07103, David,Kustoff,FALSE
H2TX01062, Shirley,Mckellar,TRUE
H8TX02141, Kathaleen,Wall,TRUE
H8TX03123, Van,Taylor,FALSE
H0TX07055, John,Culberson,FALSE
H8TX07140, Lizzie Pannill,Fletcher,TRUE
H8TX07116, Laura,Moser,TRUE
H8TX07124, Alex,Triantaphyllis,FALSE
H8TX07132, Jason,Westin,FALSE
H4TX09095, Al,Green,FALSE
H8TX14138, Levy,Barnes,FALSE
H8TX16109, Veronica,Escobar,TRUE
H8TX16083, Dori,Fenenbock,TRUE
H8TX16125, Alia,Garcia-Ureste,TRUE
H8TX16091, Enrique,Garcia,FALSE
H0TX17104, Bill,Flores,FALSE
H8TX17149, Rick,Kennedy,FALSE
H8TX21331, Mauro,Garza,FALSE
H8TX21190, Joseph,Kopser,FALSE
H8TX21307, Chip,Roy,FALSE
H8TX23147, Jay,Hulings,FALSE
H0TX23086, Will,Hurd,FALSE
H8TX23121, Gina Ortiz,Jones,TRUE
H2TX33040, Roger,Williams,FALSE
H8TX27072, Bech,Bruun,FALSE
H8TX27049, Michael,Cloud,FALSE
H0TX27038, James,Duerr,FALSE
H8TX27056, Eric,Holguin,FALSE
H8TX27080, Chris,Mapp,FALSE
H8TX27130, Marty,Perez,FALSE
H8TX29086, Tahir,Javed,FALSE
H2TX30079, Barbara Mallory,Caraway,TRUE
H2TX31044, John,Carter,FALSE
H8TX31058, Mj,Hegar,TRUE
H8TX32098, Colin,Allred,FALSE
H8TX32106, Ed,Meier,FALSE
H8TX32122, George,Rodriguez,FALSE
H2TX03126, Pete,Sessions,FALSE
H6TX34031, Rey,Gonzalez,FALSE
H8UT03139, Kathie,Allen,TRUE
H8UT03238, John,Curtis,FALSE
H8UT03253, Chris,Herrod,FALSE
H2UT04023, Mia,Love,TRUE
H8UT04053, Ben,Mcadams,FALSE
H8VA01147, Rob,Wittman,FALSE
H8VA02111, Elaine,Luria,TRUE
H0VA02118, Scott,Taylor,FALSE
H8VA05155, Leslie,Cockburn,TRUE
H8VA05171, Denver,Riggleman,FALSE
H8VA06104, Ben,Cline,FALSE
H8VA06138, Jennifer,Lewis,TRUE
H4VA07143, Dave,Brat,FALSE
H8VA07094, Abigail,Spanberger,TRUE
H8VA07086, Dan,Ward,FALSE
H8VA09066, Anthony,Flaccavento,FALSE
H0VA09055, Morgan,Griffith,FALSE
H4VA10089, Barbara,Comstock,TRUE
H8VA10122, Alison,Friedman,TRUE
H8VA11070, Jeff,Dove,FALSE
H8VT01065, Anya,Tynio,TRUE
H8WA03198, Carolyn,Long,TRUE
H8WA05193, Lisa,Brown,TRUE
H4WA05077, Cathy,Mcmorris-Rodgers,TRUE
H8WA08163, Jason,Rittereiser,FALSE
H8WA08205, Dino,Rossi,FALSE
H6WA09025, Adam,Smith,FALSE
H8WI01123, Randy,Bryce,FALSE
H8WI01131, Cathy,Myers,TRUE
H8WI01156, Bryan,Steil,FALSE
H4WI06048, Glenn,Grothman,FALSE
H8WI06098, Dan,Kohl,FALSE
H6WI08155, Mike,Gallagher,FALSE
H8WI08045, Beau,Liegeois,FALSE
H8WV02115, Talley,Sergent,TRUE
H8WV03105, Conrad,Lucas,FALSE
H8WV03097, Carol,Miller,TRUE
H8WV03048, Richard,Ojeda,FALSE
H8WV03055, Rupie,Phillips,FALSE
S8AL00381, Mo,Brooks,FALSE
S8AL00340, Roy,Moore,FALSE
S8AL00415, Trip,Pittman,FALSE
S8AL00308, Luther,Strange,FALSE
S8AZ00221, Martha,Mcsally,TRUE
S8AZ00197, Kyrsten,Sinema,TRUE
S0CA00199, Dianne,Feinstein,TRUE
S2CT00132, Chris,Murphy,FALSE
S8FL00166, Bill,Nelson,FALSE
S8FL00273, Rick,Scott,FALSE
S2HI00106, Mazie,Hirono,TRUE
S8IN00171, Mike,Braun,FALSE
S2IN00091, Joe,Donnelly,FALSE
S8IN00163, Luke,Messer,FALSE
S8IN00189, Todd,Rokita,FALSE
S6MD03177, Ben,Cardin,FALSE
S8MD00302, Neal,Simon,FALSE
S2ME00109, Angus,King,FALSE
S8MI00372, John,James,FALSE
S8MI00414, Sandy,Pensler,FALSE
S8MI00281, Debbie,Stabenow,TRUE
S6MN00267, Amy,Klobuchar,TRUE
S8MN00578, Tina,Smith,TRUE
S6MO00305, Claire,Mccaskill,TRUE
S8MS00261, Cindy,Hyde-Smith,TRUE
S8MS00196, Roger,Wicker,FALSE
S8MT00218, Troy,Downing,FALSE
S8MT00275, Russ,Fagg,FALSE
S8MT00234, Matt,Rosendale,FALSE
S6MT00162, Jon,Tester,FALSE
S8ND00120, Kevin,Cramer,FALSE
S2ND00099, Heidi,Heitkamp,TRUE
S2NE00094, Deb,Fischer,TRUE
S8NE00190, Jack,Heidel,FALSE
S8NE00216, Chris,Janicek,FALSE
S8NE00141, Larry,Marvin,FALSE
S8NE00182, Jane,Raybould,TRUE
S8NJ00509, Bob,Hugin,FALSE
S6NJ00289, Bob,Menendez,FALSE
S2NM00088, Martin,Heinrich,FALSE
S2NV00183, Dean,Heller,FALSE
S8NV00156, Jacky,Rosen,TRUE
S6OH00163, Sherrod,Brown,FALSE
S8OH00086, Mike,Gibbons,FALSE
S8OH00102, Jim,Renacci,FALSE
S8PA00320, Lou,Barletta,FALSE
S6PA00217, Bob,Casey,FALSE
S6RI00221, Sheldon,Whitehouse,FALSE
S8TN00337, Marsha,Blackburn,TRUE
S8TN00386, Phil,Bredesen,FALSE
S2TX00312, Ted,Cruz,FALSE
S8UT00242, Mike,Kennedy,FALSE
S8UT00176, Mitt,Romney,FALSE
S2VA00142, Tim,Kaine,FALSE
S8VA00297, Corey,Stewart,FALSE
S8WA00194, Maria,Cantwell,TRUE
S8WA00319, Susan,Hutchison,TRUE
S2WI00219, Tammy,Baldwin,TRUE
S8WI00216, Kevin,Nicholson,FALSE
S8WI00224, Leah,Vukmir,TRUE
S8WV00150, Don,Blankenship,FALSE
S8WV00127, Evan,Jenkins,FALSE
S0WV00090, Joe,Manchin,FALSE
S8WV00143, Patrick,Morrisey,FALSE
,,,
H0AL01097, James,Averhart,FALSE
H0AL01055, Jerry,Carl,FALSE
H0AL01089, Bill,Hightower,FALSE
H0AL01071, Chris,Pringle,FALSE
H0AL02145, Jeff,Coleman,FALSE
H0AL02202, Phyllis,Harvey-Hall,TRUE
H0AL02194, Terri,Hasdorff,TRUE
H0AL02152, Troy,King,FALSE
H8AL02171, Barry,Moore,FALSE
H6AL02159, Bob,Rogers,FALSE
H0AL02178, Jessica,Taylor,TRUE
H0AL05205, Chris,Lewis,FALSE
H0AR02206, Joyce,Elliott,TRUE
H0AZ02190, Brandon,Martin,FALSE
H0AZ02265, Noran Eric,Ruden,FALSE
H0AZ04535, Anne Marie,Ward,TRUE
H0AZ06084, Karl,Gentles,FALSE
H8CA01257, Audrey,Denney,TRUE
H0CA04175, Brynne,Kennedy,TRUE
H0CA16120, Kevin,Cookingham,FALSE
H0CA20122, Jeff,Gorman,FALSE
H8CA10167, Tj,Cox,FALSE
H0CA22102, Phil,Arballo,FALSE
H0CA23167, Kim,Mangone,TRUE
H0CA24157, Andy,Caldwell,FALSE
H0CA25162, Mike,Garcia,FALSE
H0CA25154, Christy,Smith,TRUE
H0CA25170, Cenk,Uygur,FALSE
H0CA28182, Eric,Early,FALSE
H4CA23011, Maxine,Waters,TRUE
H8CA50098, Ammar,Campa Najjar,FALSE
H0CA50145, Carl,Demaio,FALSE
H0CA50178, Darrell,Issa,FALSE
H0CA52083, Jim,Debello,FALSE
H0CA53107, Georgette,Gomez,TRUE
H0CA53115, Sara,Jacobs,TRUE
H0CO03165, Lauren,Boebert,TRUE
H0CO03157, James,Iacino,FALSE
H0CO05129, Jillian,Freeland,TRUE
H0CO06119, Steve,House,FALSE
H2CT02112, Joe,Courtney,FALSE
H0CT03072, Rosa,Delauro,TRUE
H0CT03155, Margaret,Streicker,TRUE
H8FL01107, Phil,Ehr,FALSE
H0FL03175, Kat,Cammack,TRUE
H0FL03233, Ryan,Chamberlin,FALSE
H0FL03241, Todd,Chase,FALSE
H8FL03046, Judson,Sapp,FALSE
H0FL03209, James,St. George,FALSE
H0FL04140, Erick,Aguilar,FALSE
H0FL04157, Donna,Deegan,TRUE
H6FL04105, John,Rutherford,FALSE
H0FL05147, Albert,Chester,FALSE
H0FL02086, Al,Lawson,FALSE
H0FL13158, Anna Paulina,Luna,TRUE
H6FL14112, Christine,Quinn,TRUE
H0FL15104, Scott,Franklin,FALSE
H0FL16094, Margaret,Good,TRUE
H0FL18207, Pam,Keith,TRUE
H0FL18199, Oz,Vazquez,FALSE
H0FL19221, Casey,Askar,FALSE
H0FL19205, Byron,Donalds,FALSE
H0FL19122, Dane,Eagle,FALSE
H0FL19114, William,Figlesthaler,FALSE
H8FL20032, Sheila,Mccormick,TRUE
H2FL14053, Lois,Frankel,TRUE
H0FL24221, Howard,Knepper,FALSE
H0FL26036, Carlos,Gimenez,FALSE
H0GA01078, Joyce Marie,Griggs,TRUE
H0GA05327, Kwanza,Hall,FALSE
H0GA07323, Zahra,Karinshak,TRUE
H0GA07273, Rich,Mccormick,FALSE
H0GA14089, John,Barge,FALSE
H0GA07257, Ben,Bullock,FALSE
H0GA14048, John,Cowan,FALSE
H0GA14030, Clayton,Fuller,FALSE
H0GA06192, Marjorie,Greene,TRUE
H0GA14113, Matt,Laughridge,FALSE
H0HI02189, Noelle,Famera,TRUE
H0IA01174, Ashley,Hinson,TRUE
H0IA02156, Rita,Hart,TRUE
H0IA02180, Mariannette,Miller-Meeks,TRUE
H0IA04145, Randy,Feenstra,FALSE
H8IA04106, J.d.,Scholten,FALSE
H0ID01311, Rudy,Soto,FALSE
H0IL12100, Ray,Lenzi,FALSE
H8IL13150, Betsy Dirksen,Londrigan,TRUE
H8IL14083, Jim,Oberweis,FALSE
H0IL15186, Darren,Duncan,FALSE
H0IL15129, Mary,Miller,TRUE
H0IL17083, Esther Joy,King,TRUE
H8IN02177, Pat,Hackett,TRUE
H0IN02232, Ellen,Marks,TRUE
H0IN05201, Micah,Beckwith,FALSE
H0IN05334, Carl,Brizzi,FALSE
H0IN05219, Christina,Hale,TRUE
H0IN05276, Beth,Henderson,TRUE
H0IN05326, Victoria,Spartz,TRUE
H0KS01198, Bill,Clifford,FALSE
H0KS01123, Tracey,Mann,FALSE
H0KS02196, Michelle,De La Isla,TRUE
H0KS02188, Jake,Laturner,FALSE
H0KS03236, Amanda,Adkins,TRUE
H0KS03228, Sara Hart,Weir,TRUE
H2KY04121, Thomas,Massie,FALSE
H0KY06179, Josh,Hicks,FALSE
H0MA04192, Jake,Auchincloss,FALSE
H0MA04168, Becky,Grossman,TRUE
H0MA04176, Alan,Khazei,FALSE
H0MA04143, Ihssane,Leckey,TRUE
H0MA04267, Natalia,Linos,TRUE
H0MA04184, Jesse,Mermell,TRUE
H0MA04242, Chris,Zannetos,FALSE
H0MA05132, Caroline,Colarusso,TRUE
H0MD01232, Mia,Mason,TRUE
H0MD07122, Maya Rockeymoore,Cummings,TRUE
H0MD07163, F Michael,Higginbotham,FALSE
H0MD07387, Amber,Ivey,TRUE
H0MD07197, Kim,Klacik,TRUE
H0ME02075, Adrienne,Bennett,TRUE
H0ME02067, Eric,Brakey,FALSE
H0ME02083, Dale,Crafts,FALSE
H0MI03290, Lynn,Afendoulis,TRUE
H0MI03308, Peter,Meijer,FALSE
H0MI03316, Hillary,Scholten,TRUE
H2MI05119, Dan,Kildee,FALSE
H0MI06152, Jon,Hoadley,FALSE
H0MI08141, Paul,Junge,FALSE
H0MI11129, Eric,Esshaki,FALSE
H0MN02134, Tyler,Kistner,FALSE
H0MN03124, Kendall,Qualls,FALSE
H0MN05178, Lacy,Johnson,FALSE
H0MN05210, Antone,Melton-Meaux,FALSE
H8MN05239, Ilhan,Omar,TRUE
H8MO01143, Cori,Bush,TRUE
H0MO01066, Lacy,Clay,FALSE
H0MO02254, Jill,Schupp,TRUE
H0MO07279, Audrey,Richards,TRUE
H0MO07261, Kevin,Vanstory,FALSE
H4MT00050, Matt,Rosendale,FALSE
H4MT01033, Corey,Stapleton,FALSE
H0NC02125, Deborah,Ross,TRUE
H0NC03198, Richard,Bew,FALSE
H0NC03206, Celeste,Cairns,TRUE
H0NC03263, Francis,Deluca,FALSE
H0NC03172, Greg,Murphy,FALSE
H0NC03222, Joan,Perry,TRUE
H6NC03161, Ernest,Reeves,FALSE
H0NC03230, Phil,Shepard,FALSE
H0NC03248, Allen,Thomas,FALSE
H4NC06136, Bruce,Davis,FALSE
H0NC06233, Derwin,Montgomery,FALSE
H0NC08254, Patricia,Timmons-Goodson,TRUE
H0NC09187, Dan,Bishop,FALSE
H0NC11209, Chuck,Archerd,FALSE
H0NC11191, Lynda,Bennett,TRUE
H0NC11233, Madison,Cawthorn,FALSE
H0NC11175, Moe,Davis,FALSE
H0NC11183, Jim,Davis,FALSE
H0NC11258, Dan,Driscoll,FALSE
H0NC11241, Joey,Osborne,FALSE
H0NC10169, Vance,Patterson,FALSE
H0NE02169, Ann,Ashford,TRUE
H0NH01282, Matt,Mowers,FALSE
H0NJ02171, Amy,Kennedy,TRUE
H0NJ07261, Tom,Kean,FALSE
H0NJ08145, Will,Sheehan,FALSE
H6NJ13191, Albio,Sires,FALSE
H0NM03094, Brett,Kokinadis,FALSE
H0NM02229, Claire,Chase,TRUE
H0NM02211, Chris,Mathys,FALSE
H0NM03185, John,Blair,FALSE
H0NM03102, Teresa Leger,Fernandez,TRUE
H0NM03201, Alexis Martinez,Johnson,TRUE
H0NM03151, Laura,Montoya,TRUE
H0NM03110, Valerie,Plame,TRUE
H0NM03078, Joseph,Sanchez,FALSE
H0NM03136, Marco,Serna,FALSE
H8NV01220, Eddie,Hamilton,FALSE
H0NV02209, Patricia,Ackerman,TRUE
H2NV02395, Mark,Amodei,FALSE
H8NV02095, Clint,Koble,FALSE
H6NV04020, Susie,Lee,TRUE
H0NV03132, Dan,Rodimer,FALSE
H0NY01186, Nancy,Goroff,TRUE
H8NY01148, Lee,Zeldin,FALSE
H0NY02234, Andrew,Garbarino,FALSE
H0NY02192, Jackie,Gordon,TRUE
H8NY11113, Max,Rose,FALSE
H2NY13096, Adriano,Espaillat,FALSE
H0NY14346, Michelle,Caruso-Cabrera,TRUE
H8NY15148, Alexandria,Ocasio-Cortez,TRUE
H0NY15277, Samelys,Lopez,TRUE
H0NY15269, Ydanis,Rodriguez,FALSE
H0NY15160, Ritchie,Torres,FALSE
H8NY19058, Eliot,Engel,FALSE
H0NY17265, Evelyn,Farkas,TRUE
H0NY17174, Mondaire,Jones,FALSE
H0NY17273, Adam,Schleifer,FALSE
H0NY24063, Francis,Conole,FALSE
H0NY25094, George,Mitris,FALSE
H0NY27090, Chris,Jacobs,FALSE
H0NY27157, Nate,Mcmurray,FALSE
H0NY27108, Beth,Parlato,TRUE
H0OH01099, Kate,Schroder,TRUE
H2OH03125, Joyce,Beatty,TRUE
H0OH03103, Morgan,Harper,TRUE
H0OH06189, Bill,Johnson,FALSE
H0OH10116, Desiree,Tims,TRUE
H0OH12179, Alaina,Shearer,TRUE
H2OH17109, Tim,Ryan,FALSE
H2OH14064, Dave,Joyce,FALSE
H0OK05254, Janet,Barresi,TRUE
H0OK05205, Stephanie,Bice,TRUE
H0OK05247, David,Hill,FALSE
H0OK05288, Shelli,Landon,TRUE
H0OK05213, Terry,Neese,TRUE
H6OR03064, Earl,Blumenauer,FALSE
H6OR04047, Peter,Defazio,FALSE
H0OR04107, Alek,Skarlatos,FALSE
H8OR05107, Kurt,Schrader,FALSE
H0PA01325, Christina,Finello,TRUE
H0PA04279, Kathy,Barnette,TRUE
H0PA07132, Lisa,Scheller,TRUE
H0PA08221, Jim,Bognet,FALSE
H0PA08213, Mike,Marsicano,FALSE
H0PA10102, Tom,Brier,FALSE
H0PA10110, Eugene,Depasquale,FALSE
H0PA11191, Paul,Daigle,FALSE
H0PA12181, Fred,Keller,FALSE
H0PA13114, Todd,Rowley,FALSE
H0PA17115, Sean,Parnell,FALSE
H0RI02139, Jim,Langevin,FALSE
H0SC01386, Kathy,Landing,TRUE
H0SC02061, Adair,Boroughs,TRUE
H2SC02059, Joe,Wilson,FALSE
H0SC05056, Moe,Brown,FALSE
H0SC07029, Melissa,Watson,TRUE
H0TN01076, John,Clark,FALSE
H0TN01084, Rusty,Crowe,FALSE
H0TN01142, Josh,Gapp,FALSE
H0TN01118, Diana,Harshbarger,TRUE
H0TN01134, Timothy,Hill,FALSE
H0TN01092, Blair,Walsingham,TRUE
H4TX04039, Louie,Gohmert,FALSE
H8TX02166, Dan,Crenshaw,FALSE
H0TX02106, Sima,Ladjevardian,TRUE
H0TX07170, Wesley,Hunt,FALSE
H0TX10216, Pritesh,Gandhi,FALSE
H8TX10185, Shannon,Hutcheson,TRUE
H4TX10093, Mike,Mccaul,FALSE
H8TX10110, Mike,Siegel,FALSE
H6TX12060, Kay,Granger,TRUE
H0TX12246, Chris,Putnam,FALSE
H0TX17153, George,Hindman,FALSE
H0TX17187, Todd,Kent,FALSE
H0TX17195, Renee,Swann,TRUE
H0TX17179, Elianor,Vessali,TRUE
H0TX18292, Wendell,Champion,FALSE
H4TX18054, Sheila,Jackson-Lee,TRUE
H0TX21148, Wendy,Davis,TRUE
H0TX22310, Pierce,Bush,FALSE
H8TX22313, Sri Preston,Kulkarni,FALSE
H0TX35015, Tony,Gonzales,FALSE
H0TX24175, Candace,Valenzuela,TRUE
H0TX24209, Beth,Van Duyne,TRUE
H8TX25159, Julie,Oliver,TRUE
H0TX27087, Ricardo,De La Fuente,FALSE
H0TX28077, Jessica,Cisneros,TRUE
H2TX23082, Henry,Cuellar,FALSE
H0TX31097, Donna,Imam,TRUE
H0TX32087, Genevieve,Collins,TRUE
H0UT01171, Kerry,Gibson,FALSE
H0UT01205, Blake,Moore,FALSE
H0UT01163, Bob,Stevenson,FALSE
H2UT02324, Chris,Stewart,FALSE
H4UT04052, Tim,Aalders,FALSE
H0UT04076, Burgess,Owens,FALSE
H0VA01235, Qasim,Rashid,FALSE
S0VA00104, Scott,Taylor,FALSE
H0VA05160, Bob,Good,FALSE
H8VA05114, Rodger Dean,Huffstetler,FALSE
H0VA05178, Claire,Russo,TRUE
H0VA05145, Cameron,Webb,FALSE
H0VA06044, Nicholas,Betts,FALSE
H0VA07158, Nick,Freitas,FALSE
H0WA03187, Jaime,Herrera-Beutler,TRUE
H0WA05133, Dave,Wilson,FALSE
H2WA06129, Derek,Kilmer,FALSE
H8WA08189, Kim,Schrier,TRUE
H4WA09061, Doug,Basler,FALSE
H0WA10075, Beth,Doglio,TRUE
H0WA10042, Kristine,Reeves,TRUE
H0WA10034, Marilyn,Strickland,TRUE
H6WI03099, Ron,Kind,FALSE
H0WI03175, Derrick,Van Orden,FALSE
H8WI05165, Tom,Palzewicz,FALSE
H0WI07101, Tom,Tiffany,FALSE
H0WI08125, Amanda,Stuck,TRUE
H0WV02179, Cathy,Kunkel,TRUE
P00011833, Michael,Bennet,FALSE
P60012143, Joe,Biden,FALSE
P00014530, Michael,Bloomberg,FALSE
P00009795, Cory,Booker,FALSE
P00011999, Steve,Bullock,FALSE
P00010298, Pete,Buttigieg,FALSE
P00009092, Julian,Castro,FALSE
P00006213, John,Delaney,FALSE
P00009183, Tulsi,Gabbard,TRUE
P00009290, Kirsten,Gillibrand,TRUE
P00009423, Kamala,Harris,TRUE
P80006117, Amy,Klobuchar,TRUE
P00016550, Brock,Pierce,FALSE
P60007168, Bernie,Sanders,FALSE
P00012567, Joe,Sestak,FALSE
P00012716, Tom,Steyer,FALSE
P80001571, Donald,Trump,FALSE
P00009621, Elizabeth,Warren,TRUE
P00006486, Andrew,Yang,FALSE
S0AK00196, Al,Gross,FALSE
S4AK00214, Dan,Sullivan,FALSE
S0AL00206, Bradley,Byrne,FALSE
S0AL00156, Doug,Jones,FALSE
S0AL00263, Arnold,Mooney,FALSE
S6AL00195, Jeff,Sessions,FALSE
S0AL00230, Tommy,Tuberville,FALSE
S4AR00103, Tom,Cotton,FALSE
S0AZ00350, Mark,Kelly,FALSE
S4CO00395, Cory,Gardner,FALSE
S0CO00575, John,Hickenlooper,FALSE
S0CO00286, Andrew,Romanoff,FALSE
S0DE00092, Chris,Coons,FALSE
S0GA00526, Kelly,Loeffler,TRUE
S8GA00180, Jon,Ossoff,FALSE
S4GA11285, David,Perdue,FALSE
S0GA00401, Sarah,Riggs-Amico,TRUE
S0GA00625, Valencia,Stovall,TRUE
S0GA00393, Teresa,Tomlinson,TRUE
S0GA00559, Raphael,Warnock,FALSE
S4IA00129, Joni,Ernst,TRUE
S0IA00200, Michael,Franken,FALSE
S0IA00176, Theresa,Greenfield,TRUE
S0IA00150, Eddie,Mauro,FALSE
S8ID00092, Jim,Risch,FALSE
S6IL00151, Dick,Durbin,FALSE
S6IL00185, Robert,Marshall,FALSE
S0IL00568, Willie,Wilson,FALSE
S0KS00323, Barbara,Bollier,TRUE
S0KS00349, Bob,Hamilton,FALSE
S0KS00257, Kris,Kobach,FALSE
S0KS00240, Dave,Lindstrom,FALSE
S0KS00315, Roger,Marshall,FALSE
S2KY00012, Mitch,Mcconnell,FALSE
S0KY00339, Amy,Mcgrath,TRUE
S4LA00107, Bill,Cassidy,FALSE
S6LA00342, Derrick,Edwards,FALSE
S0LA00386, Adrian,Perkins,FALSE
S0LA00311, Antoine,Pierce,FALSE
S0MA00208, Joe,Kennedy,FALSE
S4MA00028, Ed,Markey,FALSE
S6ME00159, Susan,Collins,TRUE
S0ME00111, Sara,Gideon,TRUE
S0ME00145, Ross,Lajeunesse,FALSE
S8ME00163, Max,Linn,FALSE
S0ME00137, Lisa,Savage,TRUE
S4MI00355, Gary,Peters,FALSE
S0MN00294, Robert,Barrett,FALSE
S8MS00287, Mike,Espy,FALSE
S0MT00173, Steve,Bullock,FALSE
S2MT00096, Steve,Daines,FALSE
S0NC00202, Cal,Cunningham,FALSE
S4NC00162, Thom,Tillis,FALSE
S4NE00090, Ben,Sasse,FALSE
S0NE00098, Alisha,Shelton,TRUE
S0NH00326, Don,Bolduc,FALSE
S0NH00334, Corky,Messner,FALSE
S0NH00219, Jeanne,Shaheen,TRUE
S0NM00058, Ben Ray,Lujan,FALSE
S0NM00124, Mark,Ronchetti,FALSE
S0OK00370, Abby,Broyles,TRUE
S4OK00083, James,Inhofe,FALSE
S6RI00163, Jack,Reed,FALSE
S0SC00149, Lindsey,Graham,FALSE
S0SC00289, Jaime,Harrison,FALSE
S0SD00070, Dan,Ahlers,FALSE
S4SD00049, Mike,Rounds,FALSE
S0TN00342, Marquita,Bradshaw,TRUE
S0TN00201, Byron,Bush,FALSE
S0TN00185, George,Flinn,FALSE
S0TN00169, Bill,Hagerty,FALSE
S0TN00284, Mark,Pickrell,FALSE
S0TN00144, Manny,Sethi,FALSE
S2TX00106, John,Cornyn,FALSE
S0TX00233, Mj,Hegar,TRUE
S0VA00146, Daniel,Gade,FALSE
S6VA00093, Mark,Warner,FALSE
S4WV00159, Shelley Moore,Capito,TRUE
S0WV00215, Paula Jean,Swearengin,TRUE
